url,locale,template_family,http_status,canonical_url,canonical_self,meta_robots,h1,word_count_unique_body,has_calculator,has_pdf_artefact,has_embed_widget,internal_links_in,internal_links_out,theme_color,last_updated_string
/,de,home,200,https://zeit-rechner.com/,true,"index, follow, max-snippet:-1, max-image-preview:large","Zeitrechner — Stunden, Zeiten & Countdowns",910,true,true,false,1327,31,#F5F3FB,
/404/,de,static,200,https://zeit-rechner.com/404/,true,"noindex, follow",404,50,false,true,false,0,15,#F5F3FB,
/alle-rechner/,de,static,200,https://zeit-rechner.com/alle-rechner/,true,"index, follow, max-snippet:-1, max-image-preview:large",Alle Rechner & Kategorien,196,false,true,false,670,50,#F5F3FB,
/datenschutz/,de,static,200,https://zeit-rechner.com/datenschutz/,true,"index, follow, max-snippet:-1, max-image-preview:large",Datenschutzerklärung,242,false,true,false,669,15,#F5F3FB,22. August 2026
/datum-in-x-tagen/,de,tool,200,https://zeit-rechner.com/datum-in-x-tagen/,true,"index, follow, max-snippet:-1, max-image-preview:large",Datum in X Tagen berechnen: Fristen & Wochentage,687,false,true,false,1,15,#F5F3FB,31. Mai 2026
/embed/arbeitszeit/,de,embed,200,,,"noindex, nofollow",,19,true,false,false,0,1,,
/embed/countdown/,de,embed,200,,,"noindex, nofollow",,16,true,false,false,0,1,,
/embed/differenz/,de,embed,200,,,"noindex, nofollow",,25,true,false,false,0,1,,
/en/,en,home,200,https://zeit-rechner.com/en/,true,"index, follow, max-snippet:-1, max-image-preview:large","Time Calculator — Hours, Work Hours & Countdowns",959,true,true,false,1326,31,#F5F3FB,
/en/about-us/,en,static,200,https://zeit-rechner.com/en/about-us/,true,"index, follow, max-snippet:-1, max-image-preview:large",About Us & Our Mission,395,false,true,false,657,15,#F5F3FB,
/en/all-calculators/,en,static,200,https://zeit-rechner.com/en/all-calculators/,true,"index, follow, max-snippet:-1, max-image-preview:large",All Calculators & Categories,195,false,true,false,658,43,#F5F3FB,
/en/days-until-all-saints-day/,en,en-days-until,200,https://zeit-rechner.com/en/days-until-all-saints-day/,true,"index, follow, max-snippet:-1, max-image-preview:large",How Many Days Until All Saints&#39; Day?,315,true,true,false,2,22,#F5F3FB,
/en/days-until-ascension-day-2026/,en,en-days-until,200,https://zeit-rechner.com/en/days-until-ascension-day-2026/,true,"index, follow, max-snippet:-1, max-image-preview:large",How Many Days Until Ascension Day 2027?,265,true,true,false,2,22,#F5F3FB,
/en/days-until-assumption-day/,en,en-days-until,200,https://zeit-rechner.com/en/days-until-assumption-day/,true,"index, follow, max-snippet:-1, max-image-preview:large",How Many Days Until Assumption Day 2027?,264,true,true,false,2,22,#F5F3FB,
/en/days-until-black-friday-2026/,en,en-days-until,200,https://zeit-rechner.com/en/days-until-black-friday-2026/,true,"index, follow, max-snippet:-1, max-image-preview:large",How Many Days Until Black Friday 2026?,306,true,true,false,6,21,#F5F3FB,
/en/days-until-boxing-day/,en,en-days-until,200,https://zeit-rechner.com/en/days-until-boxing-day/,true,"index, follow, max-snippet:-1, max-image-preview:large",How Many Days Until 2nd Day of Christmas?,331,true,true,false,39,22,#F5F3FB,
/en/days-until-christmas-2026/,en,en-days-until,200,https://zeit-rechner.com/en/days-until-christmas-2026/,true,"index, follow, max-snippet:-1, max-image-preview:large",How Many Days Until Christmas 2026?,349,true,true,false,39,22,#F5F3FB,
/en/days-until-christmas/,en,en-days-until,200,https://zeit-rechner.com/en/days-until-christmas/,true,"index, follow, max-snippet:-1, max-image-preview:large",How Many Days Until Christmas?,327,true,true,false,658,22,#F5F3FB,
/en/days-until-columbus-day/,en,en-days-until,200,https://zeit-rechner.com/en/days-until-columbus-day/,true,"index, follow, max-snippet:-1, max-image-preview:large",How Many Days Until Columbus Day?,239,true,true,false,3,22,#F5F3FB,
/en/days-until-corpus-christi-2026/,en,en-days-until,200,https://zeit-rechner.com/en/days-until-corpus-christi-2026/,true,"index, follow, max-snippet:-1, max-image-preview:large",How Many Days Until Corpus Christi 2027?,255,true,true,false,2,22,#F5F3FB,
/en/days-until-diwali-2026/,en,en-days-until,200,https://zeit-rechner.com/en/days-until-diwali-2026/,true,"index, follow, max-snippet:-1, max-image-preview:large",How Many Days Until Diwali 2026?,239,true,true,false,2,22,#F5F3FB,
/en/days-until-earth-day/,en,en-days-until,200,https://zeit-rechner.com/en/days-until-earth-day/,true,"index, follow, max-snippet:-1, max-image-preview:large",How Many Days Until Earth Day?,239,true,true,false,2,22,#F5F3FB,
/en/days-until-easter-2026/,en,en-days-until,200,https://zeit-rechner.com/en/days-until-easter-2026/,true,"index, follow, max-snippet:-1, max-image-preview:large",How Many Days Until Easter Sunday 2027?,311,true,true,false,10,22,#F5F3FB,
/en/days-until-easter-2027/,en,en-days-until,200,https://zeit-rechner.com/en/days-until-easter-2027/,true,"index, follow, max-snippet:-1, max-image-preview:large",How Many Days Until Easter Sunday 2027?,310,true,true,false,3,22,#F5F3FB,
/en/days-until-easter-monday-2026/,en,en-days-until,200,https://zeit-rechner.com/en/days-until-easter-monday-2026/,true,"index, follow, max-snippet:-1, max-image-preview:large",How Many Days Until Easter Monday 2027?,255,true,true,false,2,22,#F5F3FB,
/en/days-until-easter/,en,en-days-until,200,https://zeit-rechner.com/en/days-until-easter/,true,"index, follow, max-snippet:-1, max-image-preview:large",How Many Days Until Easter Sunday?,286,true,true,false,4,22,#F5F3FB,
/en/days-until-eid-al-fitr-2026/,en,en-days-until,200,https://zeit-rechner.com/en/days-until-eid-al-fitr-2026/,true,"index, follow, max-snippet:-1, max-image-preview:large",How Many Days Until Eid al-Fitr 2027?,271,true,true,false,2,22,#F5F3FB,
/en/days-until-epiphany/,en,en-days-until,200,https://zeit-rechner.com/en/days-until-epiphany/,true,"index, follow, max-snippet:-1, max-image-preview:large",How Many Days Until Epiphany?,218,true,true,false,3,22,#F5F3FB,
/en/days-until-first-day-of-autumn/,en,en-days-until,200,https://zeit-rechner.com/en/days-until-first-day-of-autumn/,true,"index, follow, max-snippet:-1, max-image-preview:large",How Many Days Until First Day of Autumn?,324,true,true,false,5,20,#F5F3FB,
/en/days-until-first-day-of-spring/,en,en-days-until,200,https://zeit-rechner.com/en/days-until-first-day-of-spring/,true,"index, follow, max-snippet:-1, max-image-preview:large",How Many Days Until First Day of Spring?,318,true,true,false,5,20,#F5F3FB,
/en/days-until-german-unity-day/,en,en-days-until,200,https://zeit-rechner.com/en/days-until-german-unity-day/,true,"index, follow, max-snippet:-1, max-image-preview:large",How Many Days Until German Unity Day?,314,true,true,false,3,22,#F5F3FB,
/en/days-until-good-friday-2026/,en,en-days-until,200,https://zeit-rechner.com/en/days-until-good-friday-2026/,true,"index, follow, max-snippet:-1, max-image-preview:large",How Many Days Until Good Friday 2027?,255,true,true,false,2,22,#F5F3FB,
/en/days-until-halloween/,en,en-days-until,200,https://zeit-rechner.com/en/days-until-halloween/,true,"index, follow, max-snippet:-1, max-image-preview:large",How Many Days Until Halloween?,262,true,true,false,4,22,#F5F3FB,
/en/days-until-hanukkah-2026/,en,en-days-until,200,https://zeit-rechner.com/en/days-until-hanukkah-2026/,true,"index, follow, max-snippet:-1, max-image-preview:large",How Many Days Until Hanukkah 2026?,231,true,true,false,2,22,#F5F3FB,
/en/days-until-independence-day/,en,en-days-until,200,https://zeit-rechner.com/en/days-until-independence-day/,true,"index, follow, max-snippet:-1, max-image-preview:large",How Many Days Until Independence Day 2027?,271,true,true,false,3,22,#F5F3FB,
/en/days-until-juneteenth-2026/,en,en-days-until,200,https://zeit-rechner.com/en/days-until-juneteenth-2026/,true,"index, follow, max-snippet:-1, max-image-preview:large",How Many Days Until Juneteenth 2027?,255,true,true,false,3,22,#F5F3FB,
/en/days-until-labor-day-2026/,en,en-days-until,200,https://zeit-rechner.com/en/days-until-labor-day-2026/,true,"index, follow, max-snippet:-1, max-image-preview:large",How Many Days Until Labor Day 2026?,259,true,true,false,3,22,#F5F3FB,
/en/days-until-lunar-new-year-2027/,en,en-days-until,200,https://zeit-rechner.com/en/days-until-lunar-new-year-2027/,true,"index, follow, max-snippet:-1, max-image-preview:large",How Many Days Until Lunar New Year 2027?,281,true,true,false,2,22,#F5F3FB,
/en/days-until-may-day-germany/,en,en-days-until,200,https://zeit-rechner.com/en/days-until-may-day-germany/,true,"index, follow, max-snippet:-1, max-image-preview:large",How Many Days Until Labour Day Germany 2027?,280,true,true,false,3,22,#F5F3FB,
/en/days-until-memorial-day-2026/,en,en-days-until,200,https://zeit-rechner.com/en/days-until-memorial-day-2026/,true,"index, follow, max-snippet:-1, max-image-preview:large",How Many Days Until Memorial Day 2027?,255,true,true,false,3,22,#F5F3FB,
/en/days-until-mlk-day/,en,en-days-until,200,https://zeit-rechner.com/en/days-until-mlk-day/,true,"index, follow, max-snippet:-1, max-image-preview:large",How Many Days Until Martin Luther King Jr. Day?,256,true,true,false,3,22,#F5F3FB,
/en/days-until-new-year-2027/,en,en-days-until,200,https://zeit-rechner.com/en/days-until-new-year-2027/,true,"index, follow, max-snippet:-1, max-image-preview:large",How Many Days Until New Year 2027?,356,true,true,false,40,22,#F5F3FB,
/en/days-until-new-year/,en,en-days-until,200,https://zeit-rechner.com/en/days-until-new-year/,true,"index, follow, max-snippet:-1, max-image-preview:large",How Many Days Until New Year?,334,true,true,false,40,22,#F5F3FB,
/en/days-until-presidents-day/,en,en-days-until,200,https://zeit-rechner.com/en/days-until-presidents-day/,true,"index, follow, max-snippet:-1, max-image-preview:large",How Many Days Until Presidents&#39; Day?,248,true,true,false,3,22,#F5F3FB,
/en/days-until-ramadan-2026/,en,en-days-until,200,https://zeit-rechner.com/en/days-until-ramadan-2026/,true,"index, follow, max-snippet:-1, max-image-preview:large",How Many Days Until Ramadan 2027?,301,true,true,false,2,22,#F5F3FB,
/en/days-until-solar-eclipse-2026/,en,en-days-until,200,https://zeit-rechner.com/en/days-until-solar-eclipse-2026/,true,"index, follow, max-snippet:-1, max-image-preview:large",How Many Days Until Solar Eclipse 2027?,350,true,true,false,6,21,#F5F3FB,
/en/days-until-st-patricks-day/,en,en-days-until,200,https://zeit-rechner.com/en/days-until-st-patricks-day/,true,"index, follow, max-snippet:-1, max-image-preview:large",How Many Days Until St. Patrick&#39;s Day?,196,true,true,false,3,22,#F5F3FB,
/en/days-until-summer-solstice/,en,en-days-until,200,https://zeit-rechner.com/en/days-until-summer-solstice/,true,"index, follow, max-snippet:-1, max-image-preview:large",How Many Days Until Summer Solstice 2027?,288,true,true,false,5,20,#F5F3FB,
/en/days-until-super-bowl-2027/,en,en-days-until,200,https://zeit-rechner.com/en/days-until-super-bowl-2027/,true,"index, follow, max-snippet:-1, max-image-preview:large",How Many Days Until Super Bowl LXI?,288,true,true,false,6,21,#F5F3FB,
/en/days-until-thanksgiving-2026/,en,en-days-until,200,https://zeit-rechner.com/en/days-until-thanksgiving-2026/,true,"index, follow, max-snippet:-1, max-image-preview:large",How Many Days Until Thanksgiving 2026?,280,true,true,false,3,22,#F5F3FB,
/en/days-until-valentines-day/,en,en-days-until,200,https://zeit-rechner.com/en/days-until-valentines-day/,true,"index, follow, max-snippet:-1, max-image-preview:large",How Many Days Until Valentine&#39;s Day?,334,true,true,false,39,22,#F5F3FB,
/en/days-until-veterans-day/,en,en-days-until,200,https://zeit-rechner.com/en/days-until-veterans-day/,true,"index, follow, max-snippet:-1, max-image-preview:large",How Many Days Until Veterans Day?,239,true,true,false,3,22,#F5F3FB,
/en/days-until-whit-monday-2026/,en,en-days-until,200,https://zeit-rechner.com/en/days-until-whit-monday-2026/,true,"index, follow, max-snippet:-1, max-image-preview:large",How Many Days Until Whit Monday 2027?,264,true,true,false,2,22,#F5F3FB,
/en/days-until-winter-solstice/,en,en-days-until,200,https://zeit-rechner.com/en/days-until-winter-solstice/,true,"index, follow, max-snippet:-1, max-image-preview:large",How Many Days Until Winter Solstice?,281,true,true,false,5,20,#F5F3FB,
/en/days-until-womens-day/,en,en-days-until,200,https://zeit-rechner.com/en/days-until-womens-day/,true,"index, follow, max-snippet:-1, max-image-preview:large",How Many Days Until International Women&#39;s Day?,255,true,true,false,3,22,#F5F3FB,
/en/days-until-world-cup-2026-final/,en,en-days-until,200,https://zeit-rechner.com/en/days-until-world-cup-2026-final/,true,"index, follow, max-snippet:-1, max-image-preview:large",How Many Days Until World Cup 2027 Final?,328,true,true,false,6,21,#F5F3FB,
/en/days-until-world-cup-2026-start/,en,en-days-until,200,https://zeit-rechner.com/en/days-until-world-cup-2026-start/,true,"index, follow, max-snippet:-1, max-image-preview:large",How Many Days Until World Cup 2027 Opening?,328,true,true,false,6,21,#F5F3FB,
/en/days-until-year-2026/,en,en-days-until,200,https://zeit-rechner.com/en/days-until-year-2026/,true,"index, follow, max-snippet:-1, max-image-preview:large",How Many Days Until Year 2027?,308,true,true,false,11,19,#F5F3FB,
/en/days-until-year-2027/,en,en-days-until,200,https://zeit-rechner.com/en/days-until-year-2027/,true,"index, follow, max-snippet:-1, max-image-preview:large",How Many Days Until Year 2027?,315,true,true,false,11,19,#F5F3FB,
/en/days-until-year-2028/,en,en-days-until,200,https://zeit-rechner.com/en/days-until-year-2028/,true,"index, follow, max-snippet:-1, max-image-preview:large",How Many Days Until Year 2028?,299,true,true,false,11,19,#F5F3FB,
/en/days-until-year-2029/,en,en-days-until,200,https://zeit-rechner.com/en/days-until-year-2029/,true,"index, follow, max-snippet:-1, max-image-preview:large",How Many Days Until Year 2029?,316,true,true,false,2,20,#F5F3FB,
/en/days-until-year-2030/,en,en-days-until,200,https://zeit-rechner.com/en/days-until-year-2030/,true,"index, follow, max-snippet:-1, max-image-preview:large",How Many Days Until Year 2030?,322,true,true,false,2,20,#F5F3FB,
/en/days-until-year-2031/,en,en-days-until,200,https://zeit-rechner.com/en/days-until-year-2031/,true,"index, follow, max-snippet:-1, max-image-preview:large",How Many Days Until Year 2031?,306,true,true,false,2,20,#F5F3FB,
/en/days-until-year-2032/,en,en-days-until,200,https://zeit-rechner.com/en/days-until-year-2032/,true,"index, follow, max-snippet:-1, max-image-preview:large",How Many Days Until Year 2032?,316,true,true,false,2,20,#F5F3FB,
/en/days-until-year-2033/,en,en-days-until,200,https://zeit-rechner.com/en/days-until-year-2033/,true,"index, follow, max-snippet:-1, max-image-preview:large",How Many Days Until Year 2033?,315,true,true,false,2,20,#F5F3FB,
/en/days-until-year-2034/,en,en-days-until,200,https://zeit-rechner.com/en/days-until-year-2034/,true,"index, follow, max-snippet:-1, max-image-preview:large",How Many Days Until Year 2034?,322,true,true,false,2,20,#F5F3FB,
/en/days-until-year-2035/,en,en-days-until,200,https://zeit-rechner.com/en/days-until-year-2035/,true,"index, follow, max-snippet:-1, max-image-preview:large",How Many Days Until Year 2035?,306,true,true,false,2,20,#F5F3FB,
/en/guides/,en,en-guides,200,https://zeit-rechner.com/en/guides/,true,"index, follow, max-snippet:-1, max-image-preview:large",Expert Guides & How-Tos,65,false,true,false,657,17,#F5F3FB,
/en/guides/how-to-calculate-work-hours/,en,en-guides,200,https://zeit-rechner.com/en/guides/how-to-calculate-work-hours/,true,"index, follow, max-snippet:-1, max-image-preview:large",How to Calculate Work Hours: The Ultimate 2026 Guide,1417,false,true,false,2,15,#F5F3FB,August 2026
/en/guides/tracking-time-freelancers/,en,en-guides,200,https://zeit-rechner.com/en/guides/tracking-time-freelancers/,true,"index, follow, max-snippet:-1, max-image-preview:large","Time Tracking for Freelancers: Methods, Tools & Compliance 2026",1303,false,true,false,2,15,#F5F3FB,August 2026
/en/hours-between-0-30-and-1-30/,en,en-hours-between,200,https://zeit-rechner.com/en/hours-between-0-30-and-1-30/,true,"index, follow, max-snippet:-1, max-image-preview:large",How Many Hours Between 00:30 and 01:30?,386,true,true,true,15,25,#F5F3FB,
/en/hours-between-0-30-and-1/,en,en-hours-between,200,https://zeit-rechner.com/en/hours-between-0-30-and-1/,true,"index, follow, max-snippet:-1, max-image-preview:large",How Many Hours Between 00:30 and 01:00?,389,true,true,true,10,25,#F5F3FB,
/en/hours-between-0-30-and-10-30/,en,en-hours-between,200,https://zeit-rechner.com/en/hours-between-0-30-and-10-30/,true,"index, follow, max-snippet:-1, max-image-preview:large",How Many Hours Between 00:30 and 10:30?,448,true,true,true,9,25,#F5F3FB,
/en/hours-between-0-30-and-12-30/,en,en-hours-between,200,https://zeit-rechner.com/en/hours-between-0-30-and-12-30/,true,"index, follow, max-snippet:-1, max-image-preview:large",How Many Hours Between 00:30 and 12:30?,429,true,true,true,8,25,#F5F3FB,
/en/hours-between-0-30-and-2/,en,en-hours-between,200,https://zeit-rechner.com/en/hours-between-0-30-and-2/,true,"index, follow, max-snippet:-1, max-image-preview:large",How Many Hours Between 00:30 and 02:00?,779,true,true,true,14,25,#F5F3FB,
/en/hours-between-0-30-and-4-30/,en,en-hours-between,200,https://zeit-rechner.com/en/hours-between-0-30-and-4-30/,true,"index, follow, max-snippet:-1, max-image-preview:large",How Many Hours Between 00:30 and 04:30?,789,true,true,true,13,25,#F5F3FB,
/en/hours-between-0-30-and-5-30/,en,en-hours-between,200,https://zeit-rechner.com/en/hours-between-0-30-and-5-30/,true,"index, follow, max-snippet:-1, max-image-preview:large",How Many Hours Between 00:30 and 05:30?,414,true,true,true,13,25,#F5F3FB,
/en/hours-between-0-30-and-8-30/,en,en-hours-between,200,https://zeit-rechner.com/en/hours-between-0-30-and-8-30/,true,"index, follow, max-snippet:-1, max-image-preview:large",How Many Hours Between 00:30 and 08:30?,783,true,true,true,12,25,#F5F3FB,
/en/hours-between-0-and-0-30/,en,en-hours-between,200,https://zeit-rechner.com/en/hours-between-0-and-0-30/,true,"index, follow, max-snippet:-1, max-image-preview:large",How Many Hours Between 00:00 and 00:30?,781,true,true,true,9,25,#F5F3FB,
/en/hours-between-0-and-1-30/,en,en-hours-between,200,https://zeit-rechner.com/en/hours-between-0-and-1-30/,true,"index, follow, max-snippet:-1, max-image-preview:large",How Many Hours Between 00:00 and 01:30?,368,true,true,true,12,25,#F5F3FB,
/en/hours-between-0-and-1/,en,en-hours-between,200,https://zeit-rechner.com/en/hours-between-0-and-1/,true,"index, follow, max-snippet:-1, max-image-preview:large",How Many Hours Between 00:00 and 01:00?,393,true,true,true,12,25,#F5F3FB,
/en/hours-between-0-and-10/,en,en-hours-between,200,https://zeit-rechner.com/en/hours-between-0-and-10/,true,"index, follow, max-snippet:-1, max-image-preview:large",How Many Hours Between 00:00 and 10:00?,440,true,true,true,10,25,#F5F3FB,
/en/hours-between-0-and-12/,en,en-hours-between,200,https://zeit-rechner.com/en/hours-between-0-and-12/,true,"index, follow, max-snippet:-1, max-image-preview:large",How Many Hours Between 00:00 and 12:00?,437,true,true,true,7,25,#F5F3FB,
/en/hours-between-0-and-2-30/,en,en-hours-between,200,https://zeit-rechner.com/en/hours-between-0-and-2-30/,true,"index, follow, max-snippet:-1, max-image-preview:large",How Many Hours Between 00:00 and 02:30?,778,true,true,true,6,25,#F5F3FB,
/en/hours-between-0-and-2/,en,en-hours-between,200,https://zeit-rechner.com/en/hours-between-0-and-2/,true,"index, follow, max-snippet:-1, max-image-preview:large",How Many Hours Between 00:00 and 02:00?,776,true,true,true,8,25,#F5F3FB,
/en/hours-between-0-and-3/,en,en-hours-between,200,https://zeit-rechner.com/en/hours-between-0-and-3/,true,"index, follow, max-snippet:-1, max-image-preview:large",How Many Hours Between 00:00 and 03:00?,383,true,true,true,7,25,#F5F3FB,
/en/hours-between-0-and-4/,en,en-hours-between,200,https://zeit-rechner.com/en/hours-between-0-and-4/,true,"index, follow, max-snippet:-1, max-image-preview:large",How Many Hours Between 00:00 and 04:00?,790,true,true,true,13,25,#F5F3FB,
/en/hours-between-0-and-5/,en,en-hours-between,200,https://zeit-rechner.com/en/hours-between-0-and-5/,true,"index, follow, max-snippet:-1, max-image-preview:large",How Many Hours Between 00:00 and 05:00?,419,true,true,true,12,25,#F5F3FB,
/en/hours-between-0-and-6/,en,en-hours-between,200,https://zeit-rechner.com/en/hours-between-0-and-6/,true,"index, follow, max-snippet:-1, max-image-preview:large",How Many Hours Between 00:00 and 06:00?,800,true,true,true,7,25,#F5F3FB,
/en/hours-between-0-and-7/,en,en-hours-between,200,https://zeit-rechner.com/en/hours-between-0-and-7/,true,"index, follow, max-snippet:-1, max-image-preview:large",How Many Hours Between 00:00 and 07:00?,386,true,true,true,7,25,#F5F3FB,
/en/hours-between-0-and-8-30/,en,en-hours-between,200,https://zeit-rechner.com/en/hours-between-0-and-8-30/,true,"index, follow, max-snippet:-1, max-image-preview:large",How Many Hours Between 00:00 and 08:30?,798,true,true,true,10,25,#F5F3FB,
/en/hours-between-0-and-8/,en,en-hours-between,200,https://zeit-rechner.com/en/hours-between-0-and-8/,true,"index, follow, max-snippet:-1, max-image-preview:large",How Many Hours Between 00:00 and 08:00?,769,true,true,true,12,25,#F5F3FB,
/en/hours-between-0-and-9/,en,en-hours-between,200,https://zeit-rechner.com/en/hours-between-0-and-9/,true,"index, follow, max-snippet:-1, max-image-preview:large",How Many Hours Between 00:00 and 09:00?,440,true,true,true,10,25,#F5F3FB,
/en/hours-between-1-30-and-11-30/,en,en-hours-between,200,https://zeit-rechner.com/en/hours-between-1-30-and-11-30/,true,"index, follow, max-snippet:-1, max-image-preview:large",How Many Hours Between 01:30 and 11:30?,436,true,true,true,10,25,#F5F3FB,
/en/hours-between-1-30-and-13-30/,en,en-hours-between,200,https://zeit-rechner.com/en/hours-between-1-30-and-13-30/,true,"index, follow, max-snippet:-1, max-image-preview:large",How Many Hours Between 01:30 and 13:30?,430,true,true,true,10,25,#F5F3FB,
/en/hours-between-1-30-and-2-30/,en,en-hours-between,200,https://zeit-rechner.com/en/hours-between-1-30-and-2-30/,true,"index, follow, max-snippet:-1, max-image-preview:large",How Many Hours Between 01:30 and 02:30?,398,true,true,true,15,25,#F5F3FB,
/en/hours-between-1-30-and-2/,en,en-hours-between,200,https://zeit-rechner.com/en/hours-between-1-30-and-2/,true,"index, follow, max-snippet:-1, max-image-preview:large",How Many Hours Between 01:30 and 02:00?,394,true,true,true,11,25,#F5F3FB,
/en/hours-between-1-30-and-3/,en,en-hours-between,200,https://zeit-rechner.com/en/hours-between-1-30-and-3/,true,"index, follow, max-snippet:-1, max-image-preview:large",How Many Hours Between 01:30 and 03:00?,772,true,true,true,11,25,#F5F3FB,
/en/hours-between-1-30-and-5-30/,en,en-hours-between,200,https://zeit-rechner.com/en/hours-between-1-30-and-5-30/,true,"index, follow, max-snippet:-1, max-image-preview:large",How Many Hours Between 01:30 and 05:30?,777,true,true,true,13,25,#F5F3FB,
/en/hours-between-1-30-and-6-30/,en,en-hours-between,200,https://zeit-rechner.com/en/hours-between-1-30-and-6-30/,true,"index, follow, max-snippet:-1, max-image-preview:large",How Many Hours Between 01:30 and 06:30?,415,true,true,true,13,25,#F5F3FB,
/en/hours-between-1-30-and-9-30/,en,en-hours-between,200,https://zeit-rechner.com/en/hours-between-1-30-and-9-30/,true,"index, follow, max-snippet:-1, max-image-preview:large",How Many Hours Between 01:30 and 09:30?,793,true,true,true,14,25,#F5F3FB,
/en/hours-between-1-and-1-30/,en,en-hours-between,200,https://zeit-rechner.com/en/hours-between-1-and-1-30/,true,"index, follow, max-snippet:-1, max-image-preview:large",How Many Hours Between 01:00 and 01:30?,779,true,true,true,11,25,#F5F3FB,
/en/hours-between-1-and-11/,en,en-hours-between,200,https://zeit-rechner.com/en/hours-between-1-and-11/,true,"index, follow, max-snippet:-1, max-image-preview:large",How Many Hours Between 01:00 and 11:00?,433,true,true,true,10,25,#F5F3FB,
/en/hours-between-1-and-13/,en,en-hours-between,200,https://zeit-rechner.com/en/hours-between-1-and-13/,true,"index, follow, max-snippet:-1, max-image-preview:large",How Many Hours Between 01:00 and 13:00?,434,true,true,true,9,25,#F5F3FB,
/en/hours-between-1-and-2-30/,en,en-hours-between,200,https://zeit-rechner.com/en/hours-between-1-and-2-30/,true,"index, follow, max-snippet:-1, max-image-preview:large",How Many Hours Between 01:00 and 02:30?,394,true,true,true,11,25,#F5F3FB,
/en/hours-between-1-and-2/,en,en-hours-between,200,https://zeit-rechner.com/en/hours-between-1-and-2/,true,"index, follow, max-snippet:-1, max-image-preview:large",How Many Hours Between 01:00 and 02:00?,387,true,true,true,15,25,#F5F3FB,
/en/hours-between-1-and-5/,en,en-hours-between,200,https://zeit-rechner.com/en/hours-between-1-and-5/,true,"index, follow, max-snippet:-1, max-image-preview:large",How Many Hours Between 01:00 and 05:00?,800,true,true,true,12,25,#F5F3FB,
/en/hours-between-1-and-6/,en,en-hours-between,200,https://zeit-rechner.com/en/hours-between-1-and-6/,true,"index, follow, max-snippet:-1, max-image-preview:large",How Many Hours Between 01:00 and 06:00?,381,true,true,true,12,25,#F5F3FB,
/en/hours-between-1-and-9/,en,en-hours-between,200,https://zeit-rechner.com/en/hours-between-1-and-9/,true,"index, follow, max-snippet:-1, max-image-preview:large",How Many Hours Between 01:00 and 09:00?,778,true,true,true,13,25,#F5F3FB,
/en/hours-between-10-30-and-11-30/,en,en-hours-between,200,https://zeit-rechner.com/en/hours-between-10-30-and-11-30/,true,"index, follow, max-snippet:-1, max-image-preview:large",How Many Hours Between 10:30 and 11:30?,330,true,true,true,12,25,#F5F3FB,
/en/hours-between-10-30-and-11/,en,en-hours-between,200,https://zeit-rechner.com/en/hours-between-10-30-and-11/,true,"index, follow, max-snippet:-1, max-image-preview:large",How Many Hours Between 10:30 and 11:00?,315,true,true,true,9,25,#F5F3FB,
/en/hours-between-10-30-and-12-30/,en,en-hours-between,200,https://zeit-rechner.com/en/hours-between-10-30-and-12-30/,true,"index, follow, max-snippet:-1, max-image-preview:large",How Many Hours Between 10:30 and 12:30?,721,true,true,true,8,25,#F5F3FB,
/en/hours-between-10-30-and-12/,en,en-hours-between,200,https://zeit-rechner.com/en/hours-between-10-30-and-12/,true,"index, follow, max-snippet:-1, max-image-preview:large",How Many Hours Between 10:30 and 12:00?,725,true,true,true,9,25,#F5F3FB,
/en/hours-between-10-30-and-13-30/,en,en-hours-between,200,https://zeit-rechner.com/en/hours-between-10-30-and-13-30/,true,"index, follow, max-snippet:-1, max-image-preview:large",How Many Hours Between 10:30 and 13:30?,314,true,true,true,8,24,#F5F3FB,
/en/hours-between-10-30-and-13/,en,en-hours-between,200,https://zeit-rechner.com/en/hours-between-10-30-and-13/,true,"index, follow, max-snippet:-1, max-image-preview:large",How Many Hours Between 10:30 and 13:00?,347,true,true,true,9,25,#F5F3FB,
/en/hours-between-10-30-and-14-30/,en,en-hours-between,200,https://zeit-rechner.com/en/hours-between-10-30-and-14-30/,true,"index, follow, max-snippet:-1, max-image-preview:large",How Many Hours Between 10:30 and 14:30?,753,true,true,true,10,25,#F5F3FB,
/en/hours-between-10-30-and-15-30/,en,en-hours-between,200,https://zeit-rechner.com/en/hours-between-10-30-and-15-30/,true,"index, follow, max-snippet:-1, max-image-preview:large",How Many Hours Between 10:30 and 15:30?,387,true,true,true,10,25,#F5F3FB,
/en/hours-between-10-30-and-16-30/,en,en-hours-between,200,https://zeit-rechner.com/en/hours-between-10-30-and-16-30/,true,"index, follow, max-snippet:-1, max-image-preview:large",How Many Hours Between 10:30 and 16:30?,752,true,true,true,9,25,#F5F3FB,
/en/hours-between-10-30-and-17-30/,en,en-hours-between,200,https://zeit-rechner.com/en/hours-between-10-30-and-17-30/,true,"index, follow, max-snippet:-1, max-image-preview:large",How Many Hours Between 10:30 and 17:30?,356,true,true,true,10,25,#F5F3FB,
/en/hours-between-10-30-and-18-30/,en,en-hours-between,200,https://zeit-rechner.com/en/hours-between-10-30-and-18-30/,true,"index, follow, max-snippet:-1, max-image-preview:large",How Many Hours Between 10:30 and 18:30?,732,true,true,true,11,23,#F5F3FB,
/en/hours-between-10-30-and-19-30/,en,en-hours-between,200,https://zeit-rechner.com/en/hours-between-10-30-and-19-30/,true,"index, follow, max-snippet:-1, max-image-preview:large",How Many Hours Between 10:30 and 19:30?,381,true,true,true,10,25,#F5F3FB,
/en/hours-between-10-30-and-19/,en,en-hours-between,200,https://zeit-rechner.com/en/hours-between-10-30-and-19/,true,"index, follow, max-snippet:-1, max-image-preview:large",How Many Hours Between 10:30 and 19:00?,345,true,true,true,12,24,#F5F3FB,
/en/hours-between-10-30-and-20-30/,en,en-hours-between,200,https://zeit-rechner.com/en/hours-between-10-30-and-20-30/,true,"index, follow, max-snippet:-1, max-image-preview:large",How Many Hours Between 10:30 and 20:30?,382,true,true,true,9,25,#F5F3FB,
/en/hours-between-10-30-and-22-30/,en,en-hours-between,200,https://zeit-rechner.com/en/hours-between-10-30-and-22-30/,true,"index, follow, max-snippet:-1, max-image-preview:large",How Many Hours Between 10:30 and 22:30?,394,true,true,true,10,25,#F5F3FB,
/en/hours-between-10-and-10-30/,en,en-hours-between,200,https://zeit-rechner.com/en/hours-between-10-and-10-30/,true,"index, follow, max-snippet:-1, max-image-preview:large",How Many Hours Between 10:00 and 10:30?,741,true,true,true,9,25,#F5F3FB,
/en/hours-between-10-and-11-30/,en,en-hours-between,200,https://zeit-rechner.com/en/hours-between-10-and-11-30/,true,"index, follow, max-snippet:-1, max-image-preview:large",How Many Hours Between 10:00 and 11:30?,347,true,true,true,10,25,#F5F3FB,
/en/hours-between-10-and-11/,en,en-hours-between,200,https://zeit-rechner.com/en/hours-between-10-and-11/,true,"index, follow, max-snippet:-1, max-image-preview:large",How Many Hours Between 10:00 and 11:00?,334,true,true,true,12,25,#F5F3FB,
/en/hours-between-10-and-12-30/,en,en-hours-between,200,https://zeit-rechner.com/en/hours-between-10-and-12-30/,true,"index, follow, max-snippet:-1, max-image-preview:large",How Many Hours Between 10:00 and 12:30?,725,true,true,true,11,25,#F5F3FB,
/en/hours-between-10-and-12/,en,en-hours-between,200,https://zeit-rechner.com/en/hours-between-10-and-12/,true,"index, follow, max-snippet:-1, max-image-preview:large",How Many Hours Between 10:00 and 12:00?,711,true,true,true,8,25,#F5F3FB,
/en/hours-between-10-and-13/,en,en-hours-between,200,https://zeit-rechner.com/en/hours-between-10-and-13/,true,"index, follow, max-snippet:-1, max-image-preview:large",How Many Hours Between 10:00 and 13:00?,348,true,true,true,10,24,#F5F3FB,
/en/hours-between-10-and-14/,en,en-hours-between,200,https://zeit-rechner.com/en/hours-between-10-and-14/,true,"index, follow, max-snippet:-1, max-image-preview:large",How Many Hours Between 10:00 and 14:00?,742,true,true,true,10,25,#F5F3FB,
/en/hours-between-10-and-15/,en,en-hours-between,200,https://zeit-rechner.com/en/hours-between-10-and-15/,true,"index, follow, max-snippet:-1, max-image-preview:large",How Many Hours Between 10:00 and 15:00?,371,true,true,true,10,25,#F5F3FB,
/en/hours-between-10-and-16/,en,en-hours-between,200,https://zeit-rechner.com/en/hours-between-10-and-16/,true,"index, follow, max-snippet:-1, max-image-preview:large",How Many Hours Between 10:00 and 16:00?,765,true,true,true,9,25,#F5F3FB,
/en/hours-between-10-and-17/,en,en-hours-between,200,https://zeit-rechner.com/en/hours-between-10-and-17/,true,"index, follow, max-snippet:-1, max-image-preview:large",How Many Hours Between 10:00 and 17:00?,344,true,true,true,9,24,#F5F3FB,
/en/hours-between-10-and-18-30/,en,en-hours-between,200,https://zeit-rechner.com/en/hours-between-10-and-18-30/,true,"index, follow, max-snippet:-1, max-image-preview:large",How Many Hours Between 10:00 and 18:30?,736,true,true,true,12,24,#F5F3FB,
/en/hours-between-10-and-18/,en,en-hours-between,200,https://zeit-rechner.com/en/hours-between-10-and-18/,true,"index, follow, max-snippet:-1, max-image-preview:large",How Many Hours Between 10:00 and 18:00?,733,true,true,true,658,23,#F5F3FB,
/en/hours-between-10-and-19/,en,en-hours-between,200,https://zeit-rechner.com/en/hours-between-10-and-19/,true,"index, follow, max-snippet:-1, max-image-preview:large",How Many Hours Between 10:00 and 19:00?,348,true,true,true,10,25,#F5F3FB,
/en/hours-between-10-and-20/,en,en-hours-between,200,https://zeit-rechner.com/en/hours-between-10-and-20/,true,"index, follow, max-snippet:-1, max-image-preview:large",How Many Hours Between 10:00 and 20:00?,387,true,true,true,9,25,#F5F3FB,
/en/hours-between-10-and-22/,en,en-hours-between,200,https://zeit-rechner.com/en/hours-between-10-and-22/,true,"index, follow, max-snippet:-1, max-image-preview:large",How Many Hours Between 10:00 and 22:00?,373,true,true,true,10,25,#F5F3FB,
/en/hours-between-11-30-and-12-30/,en,en-hours-between,200,https://zeit-rechner.com/en/hours-between-11-30-and-12-30/,true,"index, follow, max-snippet:-1, max-image-preview:large",How Many Hours Between 11:30 and 12:30?,307,true,true,true,12,25,#F5F3FB,
/en/hours-between-11-30-and-12/,en,en-hours-between,200,https://zeit-rechner.com/en/hours-between-11-30-and-12/,true,"index, follow, max-snippet:-1, max-image-preview:large",How Many Hours Between 11:30 and 12:00?,351,true,true,true,9,25,#F5F3FB,
/en/hours-between-11-30-and-13/,en,en-hours-between,200,https://zeit-rechner.com/en/hours-between-11-30-and-13/,true,"index, follow, max-snippet:-1, max-image-preview:large",How Many Hours Between 11:30 and 13:00?,721,true,true,true,9,25,#F5F3FB,
/en/hours-between-11-30-and-15-30/,en,en-hours-between,200,https://zeit-rechner.com/en/hours-between-11-30-and-15-30/,true,"index, follow, max-snippet:-1, max-image-preview:large",How Many Hours Between 11:30 and 15:30?,752,true,true,true,10,25,#F5F3FB,
/en/hours-between-11-30-and-16-30/,en,en-hours-between,200,https://zeit-rechner.com/en/hours-between-11-30-and-16-30/,true,"index, follow, max-snippet:-1, max-image-preview:large",How Many Hours Between 11:30 and 16:30?,376,true,true,true,10,25,#F5F3FB,
/en/hours-between-11-30-and-19-30/,en,en-hours-between,200,https://zeit-rechner.com/en/hours-between-11-30-and-19-30/,true,"index, follow, max-snippet:-1, max-image-preview:large",How Many Hours Between 11:30 and 19:30?,747,true,true,true,9,24,#F5F3FB,
/en/hours-between-11-30-and-21-30/,en,en-hours-between,200,https://zeit-rechner.com/en/hours-between-11-30-and-21-30/,true,"index, follow, max-snippet:-1, max-image-preview:large",How Many Hours Between 11:30 and 21:30?,387,true,true,true,9,25,#F5F3FB,
/en/hours-between-11-30-and-23-30/,en,en-hours-between,200,https://zeit-rechner.com/en/hours-between-11-30-and-23-30/,true,"index, follow, max-snippet:-1, max-image-preview:large",How Many Hours Between 11:30 and 23:30?,416,true,true,true,10,25,#F5F3FB,
/en/hours-between-11-and-11-30/,en,en-hours-between,200,https://zeit-rechner.com/en/hours-between-11-and-11-30/,true,"index, follow, max-snippet:-1, max-image-preview:large",How Many Hours Between 11:00 and 11:30?,726,true,true,true,9,25,#F5F3FB,
/en/hours-between-11-and-12-30/,en,en-hours-between,200,https://zeit-rechner.com/en/hours-between-11-and-12-30/,true,"index, follow, max-snippet:-1, max-image-preview:large",How Many Hours Between 11:00 and 12:30?,341,true,true,true,9,25,#F5F3FB,
/en/hours-between-11-and-12/,en,en-hours-between,200,https://zeit-rechner.com/en/hours-between-11-and-12/,true,"index, follow, max-snippet:-1, max-image-preview:large",How Many Hours Between 11:00 and 12:00?,329,true,true,true,12,25,#F5F3FB,
/en/hours-between-11-and-14/,en,en-hours-between,200,https://zeit-rechner.com/en/hours-between-11-and-14/,true,"index, follow, max-snippet:-1, max-image-preview:large",How Many Hours Between 11:00 and 14:00?,337,true,true,true,8,24,#F5F3FB,
/en/hours-between-11-and-15/,en,en-hours-between,200,https://zeit-rechner.com/en/hours-between-11-and-15/,true,"index, follow, max-snippet:-1, max-image-preview:large",How Many Hours Between 11:00 and 15:00?,757,true,true,true,10,25,#F5F3FB,
/en/hours-between-11-and-16/,en,en-hours-between,200,https://zeit-rechner.com/en/hours-between-11-and-16/,true,"index, follow, max-snippet:-1, max-image-preview:large",How Many Hours Between 11:00 and 16:00?,376,true,true,true,10,25,#F5F3FB,
/en/hours-between-11-and-17/,en,en-hours-between,200,https://zeit-rechner.com/en/hours-between-11-and-17/,true,"index, follow, max-snippet:-1, max-image-preview:large",How Many Hours Between 11:00 and 17:00?,760,true,true,true,10,25,#F5F3FB,
/en/hours-between-11-and-18/,en,en-hours-between,200,https://zeit-rechner.com/en/hours-between-11-and-18/,true,"index, follow, max-snippet:-1, max-image-preview:large",How Many Hours Between 11:00 and 18:00?,359,true,true,true,9,25,#F5F3FB,
/en/hours-between-11-and-19-30/,en,en-hours-between,200,https://zeit-rechner.com/en/hours-between-11-and-19-30/,true,"index, follow, max-snippet:-1, max-image-preview:large",How Many Hours Between 11:00 and 19:30?,736,true,true,true,10,25,#F5F3FB,
/en/hours-between-11-and-19/,en,en-hours-between,200,https://zeit-rechner.com/en/hours-between-11-and-19/,true,"index, follow, max-snippet:-1, max-image-preview:large",How Many Hours Between 11:00 and 19:00?,729,true,true,true,10,24,#F5F3FB,
/en/hours-between-11-and-20/,en,en-hours-between,200,https://zeit-rechner.com/en/hours-between-11-and-20/,true,"index, follow, max-snippet:-1, max-image-preview:large",How Many Hours Between 11:00 and 20:00?,769,true,true,true,9,25,#F5F3FB,
/en/hours-between-11-and-21/,en,en-hours-between,200,https://zeit-rechner.com/en/hours-between-11-and-21/,true,"index, follow, max-snippet:-1, max-image-preview:large",How Many Hours Between 11:00 and 21:00?,380,true,true,true,9,25,#F5F3FB,
/en/hours-between-11-and-23/,en,en-hours-between,200,https://zeit-rechner.com/en/hours-between-11-and-23/,true,"index, follow, max-snippet:-1, max-image-preview:large",How Many Hours Between 11:00 and 23:00?,355,true,true,true,10,25,#F5F3FB,
/en/hours-between-12-30-and-0-30/,en,en-hours-between,200,https://zeit-rechner.com/en/hours-between-12-30-and-0-30/,true,"index, follow, max-snippet:-1, max-image-preview:large",How Many Hours Between 12:30 and 00:30?,466,true,true,true,10,25,#F5F3FB,
/en/hours-between-12-30-and-13-30/,en,en-hours-between,200,https://zeit-rechner.com/en/hours-between-12-30-and-13-30/,true,"index, follow, max-snippet:-1, max-image-preview:large",How Many Hours Between 12:30 and 13:30?,345,true,true,true,12,25,#F5F3FB,
/en/hours-between-12-30-and-13/,en,en-hours-between,200,https://zeit-rechner.com/en/hours-between-12-30-and-13/,true,"index, follow, max-snippet:-1, max-image-preview:large",How Many Hours Between 12:30 and 13:00?,325,true,true,true,9,25,#F5F3FB,
/en/hours-between-12-30-and-14-30/,en,en-hours-between,200,https://zeit-rechner.com/en/hours-between-12-30-and-14-30/,true,"index, follow, max-snippet:-1, max-image-preview:large",How Many Hours Between 12:30 and 14:30?,709,true,true,true,10,25,#F5F3FB,
/en/hours-between-12-30-and-14/,en,en-hours-between,200,https://zeit-rechner.com/en/hours-between-12-30-and-14/,true,"index, follow, max-snippet:-1, max-image-preview:large",How Many Hours Between 12:30 and 14:00?,727,true,true,true,11,25,#F5F3FB,
/en/hours-between-12-30-and-15-30/,en,en-hours-between,200,https://zeit-rechner.com/en/hours-between-12-30-and-15-30/,true,"index, follow, max-snippet:-1, max-image-preview:large",How Many Hours Between 12:30 and 15:30?,325,true,true,true,11,25,#F5F3FB,
/en/hours-between-12-30-and-15/,en,en-hours-between,200,https://zeit-rechner.com/en/hours-between-12-30-and-15/,true,"index, follow, max-snippet:-1, max-image-preview:large",How Many Hours Between 12:30 and 15:00?,336,true,true,true,12,25,#F5F3FB,
/en/hours-between-12-30-and-16-30/,en,en-hours-between,200,https://zeit-rechner.com/en/hours-between-12-30-and-16-30/,true,"index, follow, max-snippet:-1, max-image-preview:large",How Many Hours Between 12:30 and 16:30?,756,true,true,true,10,25,#F5F3FB,
/en/hours-between-12-30-and-17-30/,en,en-hours-between,200,https://zeit-rechner.com/en/hours-between-12-30-and-17-30/,true,"index, follow, max-snippet:-1, max-image-preview:large",How Many Hours Between 12:30 and 17:30?,372,true,true,true,10,25,#F5F3FB,
/en/hours-between-12-30-and-18-30/,en,en-hours-between,200,https://zeit-rechner.com/en/hours-between-12-30-and-18-30/,true,"index, follow, max-snippet:-1, max-image-preview:large",How Many Hours Between 12:30 and 18:30?,758,true,true,true,9,25,#F5F3FB,
/en/hours-between-12-30-and-19-30/,en,en-hours-between,200,https://zeit-rechner.com/en/hours-between-12-30-and-19-30/,true,"index, follow, max-snippet:-1, max-image-preview:large",How Many Hours Between 12:30 and 19:30?,333,true,true,true,8,25,#F5F3FB,
/en/hours-between-12-30-and-20-30/,en,en-hours-between,200,https://zeit-rechner.com/en/hours-between-12-30-and-20-30/,true,"index, follow, max-snippet:-1, max-image-preview:large",How Many Hours Between 12:30 and 20:30?,362,true,true,true,13,25,#F5F3FB,
/en/hours-between-12-30-and-21-30/,en,en-hours-between,200,https://zeit-rechner.com/en/hours-between-12-30-and-21-30/,true,"index, follow, max-snippet:-1, max-image-preview:large",How Many Hours Between 12:30 and 21:30?,750,true,true,true,9,25,#F5F3FB,
/en/hours-between-12-30-and-21/,en,en-hours-between,200,https://zeit-rechner.com/en/hours-between-12-30-and-21/,true,"index, follow, max-snippet:-1, max-image-preview:large",How Many Hours Between 12:30 and 21:00?,729,true,true,true,11,25,#F5F3FB,
/en/hours-between-12-30-and-22-30/,en,en-hours-between,200,https://zeit-rechner.com/en/hours-between-12-30-and-22-30/,true,"index, follow, max-snippet:-1, max-image-preview:large",How Many Hours Between 12:30 and 22:30?,376,true,true,true,9,25,#F5F3FB,
/en/hours-between-12-and-0/,en,en-hours-between,200,https://zeit-rechner.com/en/hours-between-12-and-0/,true,"index, follow, max-snippet:-1, max-image-preview:large",How Many Hours Between 12:00 and 00:00?,472,true,true,true,10,25,#F5F3FB,
/en/hours-between-12-and-12-30/,en,en-hours-between,200,https://zeit-rechner.com/en/hours-between-12-and-12-30/,true,"index, follow, max-snippet:-1, max-image-preview:large",How Many Hours Between 12:00 and 12:30?,724,true,true,true,9,25,#F5F3FB,
/en/hours-between-12-and-13-30/,en,en-hours-between,200,https://zeit-rechner.com/en/hours-between-12-and-13-30/,true,"index, follow, max-snippet:-1, max-image-preview:large",How Many Hours Between 12:00 and 13:30?,351,true,true,true,10,25,#F5F3FB,
/en/hours-between-12-and-13/,en,en-hours-between,200,https://zeit-rechner.com/en/hours-between-12-and-13/,true,"index, follow, max-snippet:-1, max-image-preview:large",How Many Hours Between 12:00 and 13:00?,334,true,true,true,13,25,#F5F3FB,
/en/hours-between-12-and-14-30/,en,en-hours-between,200,https://zeit-rechner.com/en/hours-between-12-and-14-30/,true,"index, follow, max-snippet:-1, max-image-preview:large",How Many Hours Between 12:00 and 14:30?,725,true,true,true,9,25,#F5F3FB,
/en/hours-between-12-and-14/,en,en-hours-between,200,https://zeit-rechner.com/en/hours-between-12-and-14/,true,"index, follow, max-snippet:-1, max-image-preview:large",How Many Hours Between 12:00 and 14:00?,712,true,true,true,8,25,#F5F3FB,
/en/hours-between-12-and-15/,en,en-hours-between,200,https://zeit-rechner.com/en/hours-between-12-and-15/,true,"index, follow, max-snippet:-1, max-image-preview:large",How Many Hours Between 12:00 and 15:00?,347,true,true,true,10,25,#F5F3FB,
/en/hours-between-12-and-16/,en,en-hours-between,200,https://zeit-rechner.com/en/hours-between-12-and-16/,true,"index, follow, max-snippet:-1, max-image-preview:large",How Many Hours Between 12:00 and 16:00?,743,true,true,true,10,25,#F5F3FB,
/en/hours-between-12-and-17/,en,en-hours-between,200,https://zeit-rechner.com/en/hours-between-12-and-17/,true,"index, follow, max-snippet:-1, max-image-preview:large",How Many Hours Between 12:00 and 17:00?,372,true,true,true,10,25,#F5F3FB,
/en/hours-between-12-and-18/,en,en-hours-between,200,https://zeit-rechner.com/en/hours-between-12-and-18/,true,"index, follow, max-snippet:-1, max-image-preview:large",How Many Hours Between 12:00 and 18:00?,763,true,true,true,10,25,#F5F3FB,
/en/hours-between-12-and-19/,en,en-hours-between,200,https://zeit-rechner.com/en/hours-between-12-and-19/,true,"index, follow, max-snippet:-1, max-image-preview:large",How Many Hours Between 12:00 and 19:00?,344,true,true,true,8,25,#F5F3FB,
/en/hours-between-12-and-20-30/,en,en-hours-between,200,https://zeit-rechner.com/en/hours-between-12-and-20-30/,true,"index, follow, max-snippet:-1, max-image-preview:large",How Many Hours Between 12:00 and 20:30?,352,true,true,true,12,25,#F5F3FB,
/en/hours-between-12-and-20/,en,en-hours-between,200,https://zeit-rechner.com/en/hours-between-12-and-20/,true,"index, follow, max-snippet:-1, max-image-preview:large",How Many Hours Between 12:00 and 20:00?,359,true,true,true,16,25,#F5F3FB,
/en/hours-between-12-and-21/,en,en-hours-between,200,https://zeit-rechner.com/en/hours-between-12-and-21/,true,"index, follow, max-snippet:-1, max-image-preview:large",How Many Hours Between 12:00 and 21:00?,772,true,true,true,10,25,#F5F3FB,
/en/hours-between-12-and-22/,en,en-hours-between,200,https://zeit-rechner.com/en/hours-between-12-and-22/,true,"index, follow, max-snippet:-1, max-image-preview:large",How Many Hours Between 12:00 and 22:00?,394,true,true,true,9,25,#F5F3FB,
/en/hours-between-13-30-and-1-30/,en,en-hours-between,200,https://zeit-rechner.com/en/hours-between-13-30-and-1-30/,true,"index, follow, max-snippet:-1, max-image-preview:large",How Many Hours Between 13:30 and 01:30?,443,true,true,true,10,25,#F5F3FB,
/en/hours-between-13-30-and-14-30/,en,en-hours-between,200,https://zeit-rechner.com/en/hours-between-13-30-and-14-30/,true,"index, follow, max-snippet:-1, max-image-preview:large",How Many Hours Between 13:30 and 14:30?,318,true,true,true,12,25,#F5F3FB,
/en/hours-between-13-30-and-14/,en,en-hours-between,200,https://zeit-rechner.com/en/hours-between-13-30-and-14/,true,"index, follow, max-snippet:-1, max-image-preview:large",How Many Hours Between 13:30 and 14:00?,351,true,true,true,9,25,#F5F3FB,
/en/hours-between-13-30-and-15-30/,en,en-hours-between,200,https://zeit-rechner.com/en/hours-between-13-30-and-15-30/,true,"index, follow, max-snippet:-1, max-image-preview:large",How Many Hours Between 13:30 and 15:30?,722,true,true,true,10,25,#F5F3FB,
/en/hours-between-13-30-and-15/,en,en-hours-between,200,https://zeit-rechner.com/en/hours-between-13-30-and-15/,true,"index, follow, max-snippet:-1, max-image-preview:large",How Many Hours Between 13:30 and 15:00?,729,true,true,true,10,25,#F5F3FB,
/en/hours-between-13-30-and-16-30/,en,en-hours-between,200,https://zeit-rechner.com/en/hours-between-13-30-and-16-30/,true,"index, follow, max-snippet:-1, max-image-preview:large",How Many Hours Between 13:30 and 16:30?,337,true,true,true,10,25,#F5F3FB,
/en/hours-between-13-30-and-16/,en,en-hours-between,200,https://zeit-rechner.com/en/hours-between-13-30-and-16/,true,"index, follow, max-snippet:-1, max-image-preview:large",How Many Hours Between 13:30 and 16:00?,326,true,true,true,12,25,#F5F3FB,
/en/hours-between-13-30-and-17-30/,en,en-hours-between,200,https://zeit-rechner.com/en/hours-between-13-30-and-17-30/,true,"index, follow, max-snippet:-1, max-image-preview:large",How Many Hours Between 13:30 and 17:30?,758,true,true,true,10,25,#F5F3FB,
/en/hours-between-13-30-and-18-30/,en,en-hours-between,200,https://zeit-rechner.com/en/hours-between-13-30-and-18-30/,true,"index, follow, max-snippet:-1, max-image-preview:large",How Many Hours Between 13:30 and 18:30?,360,true,true,true,10,25,#F5F3FB,
/en/hours-between-13-30-and-19-30/,en,en-hours-between,200,https://zeit-rechner.com/en/hours-between-13-30-and-19-30/,true,"index, follow, max-snippet:-1, max-image-preview:large",How Many Hours Between 13:30 and 19:30?,767,true,true,true,10,25,#F5F3FB,
/en/hours-between-13-30-and-21-30/,en,en-hours-between,200,https://zeit-rechner.com/en/hours-between-13-30-and-21-30/,true,"index, follow, max-snippet:-1, max-image-preview:large",How Many Hours Between 13:30 and 21:30?,366,true,true,true,11,25,#F5F3FB,
/en/hours-between-13-30-and-23-30/,en,en-hours-between,200,https://zeit-rechner.com/en/hours-between-13-30-and-23-30/,true,"index, follow, max-snippet:-1, max-image-preview:large",How Many Hours Between 13:30 and 23:30?,408,true,true,true,10,25,#F5F3FB,
/en/hours-between-13-and-1/,en,en-hours-between,200,https://zeit-rechner.com/en/hours-between-13-and-1/,true,"index, follow, max-snippet:-1, max-image-preview:large",How Many Hours Between 13:00 and 01:00?,437,true,true,true,10,25,#F5F3FB,
/en/hours-between-13-and-13-30/,en,en-hours-between,200,https://zeit-rechner.com/en/hours-between-13-and-13-30/,true,"index, follow, max-snippet:-1, max-image-preview:large",How Many Hours Between 13:00 and 13:30?,715,true,true,true,9,25,#F5F3FB,
/en/hours-between-13-and-14-30/,en,en-hours-between,200,https://zeit-rechner.com/en/hours-between-13-and-14-30/,true,"index, follow, max-snippet:-1, max-image-preview:large",How Many Hours Between 13:00 and 14:30?,347,true,true,true,11,25,#F5F3FB,
/en/hours-between-13-and-14/,en,en-hours-between,200,https://zeit-rechner.com/en/hours-between-13-and-14/,true,"index, follow, max-snippet:-1, max-image-preview:large",How Many Hours Between 13:00 and 14:00?,329,true,true,true,12,25,#F5F3FB,
/en/hours-between-13-and-15-30/,en,en-hours-between,200,https://zeit-rechner.com/en/hours-between-13-and-15-30/,true,"index, follow, max-snippet:-1, max-image-preview:large",How Many Hours Between 13:00 and 15:30?,729,true,true,true,11,25,#F5F3FB,
/en/hours-between-13-and-15/,en,en-hours-between,200,https://zeit-rechner.com/en/hours-between-13-and-15/,true,"index, follow, max-snippet:-1, max-image-preview:large",How Many Hours Between 13:00 and 15:00?,720,true,true,true,11,25,#F5F3FB,
/en/hours-between-13-and-16/,en,en-hours-between,200,https://zeit-rechner.com/en/hours-between-13-and-16/,true,"index, follow, max-snippet:-1, max-image-preview:large",How Many Hours Between 13:00 and 16:00?,336,true,true,true,10,25,#F5F3FB,
/en/hours-between-13-and-17/,en,en-hours-between,200,https://zeit-rechner.com/en/hours-between-13-and-17/,true,"index, follow, max-snippet:-1, max-image-preview:large",How Many Hours Between 13:00 and 17:00?,756,true,true,true,10,25,#F5F3FB,
/en/hours-between-13-and-18/,en,en-hours-between,200,https://zeit-rechner.com/en/hours-between-13-and-18/,true,"index, follow, max-snippet:-1, max-image-preview:large",How Many Hours Between 13:00 and 18:00?,377,true,true,true,10,25,#F5F3FB,
/en/hours-between-13-and-19/,en,en-hours-between,200,https://zeit-rechner.com/en/hours-between-13-and-19/,true,"index, follow, max-snippet:-1, max-image-preview:large",How Many Hours Between 13:00 and 19:00?,759,true,true,true,9,25,#F5F3FB,
/en/hours-between-13-and-20/,en,en-hours-between,200,https://zeit-rechner.com/en/hours-between-13-and-20/,true,"index, follow, max-snippet:-1, max-image-preview:large",How Many Hours Between 13:00 and 20:00?,733,true,true,true,7,25,#F5F3FB,
/en/hours-between-13-and-21-30/,en,en-hours-between,200,https://zeit-rechner.com/en/hours-between-13-and-21-30/,true,"index, follow, max-snippet:-1, max-image-preview:large",How Many Hours Between 13:00 and 21:30?,377,true,true,true,12,25,#F5F3FB,
/en/hours-between-13-and-21/,en,en-hours-between,200,https://zeit-rechner.com/en/hours-between-13-and-21/,true,"index, follow, max-snippet:-1, max-image-preview:large",How Many Hours Between 13:00 and 21:00?,365,true,true,true,14,25,#F5F3FB,
/en/hours-between-13-and-22/,en,en-hours-between,200,https://zeit-rechner.com/en/hours-between-13-and-22/,true,"index, follow, max-snippet:-1, max-image-preview:large",How Many Hours Between 13:00 and 22:00?,776,true,true,true,8,25,#F5F3FB,
/en/hours-between-13-and-23/,en,en-hours-between,200,https://zeit-rechner.com/en/hours-between-13-and-23/,true,"index, follow, max-snippet:-1, max-image-preview:large",How Many Hours Between 13:00 and 23:00?,380,true,true,true,9,25,#F5F3FB,
/en/hours-between-14-30-and-0-30/,en,en-hours-between,200,https://zeit-rechner.com/en/hours-between-14-30-and-0-30/,true,"index, follow, max-snippet:-1, max-image-preview:large",How Many Hours Between 14:30 and 00:30?,472,true,true,true,9,25,#F5F3FB,
/en/hours-between-14-30-and-15-30/,en,en-hours-between,200,https://zeit-rechner.com/en/hours-between-14-30-and-15-30/,true,"index, follow, max-snippet:-1, max-image-preview:large",How Many Hours Between 14:30 and 15:30?,330,true,true,true,12,25,#F5F3FB,
/en/hours-between-14-30-and-15/,en,en-hours-between,200,https://zeit-rechner.com/en/hours-between-14-30-and-15/,true,"index, follow, max-snippet:-1, max-image-preview:large",How Many Hours Between 14:30 and 15:00?,315,true,true,true,9,25,#F5F3FB,
/en/hours-between-14-30-and-16-30/,en,en-hours-between,200,https://zeit-rechner.com/en/hours-between-14-30-and-16-30/,true,"index, follow, max-snippet:-1, max-image-preview:large",How Many Hours Between 14:30 and 16:30?,725,true,true,true,9,25,#F5F3FB,
/en/hours-between-14-30-and-16/,en,en-hours-between,200,https://zeit-rechner.com/en/hours-between-14-30-and-16/,true,"index, follow, max-snippet:-1, max-image-preview:large",How Many Hours Between 14:30 and 16:00?,739,true,true,true,10,25,#F5F3FB,
/en/hours-between-14-30-and-17-30/,en,en-hours-between,200,https://zeit-rechner.com/en/hours-between-14-30-and-17-30/,true,"index, follow, max-snippet:-1, max-image-preview:large",How Many Hours Between 14:30 and 17:30?,325,true,true,true,10,25,#F5F3FB,
/en/hours-between-14-30-and-17/,en,en-hours-between,200,https://zeit-rechner.com/en/hours-between-14-30-and-17/,true,"index, follow, max-snippet:-1, max-image-preview:large",How Many Hours Between 14:30 and 17:00?,340,true,true,true,11,25,#F5F3FB,
/en/hours-between-14-30-and-18-30/,en,en-hours-between,200,https://zeit-rechner.com/en/hours-between-14-30-and-18-30/,true,"index, follow, max-snippet:-1, max-image-preview:large",How Many Hours Between 14:30 and 18:30?,767,true,true,true,10,25,#F5F3FB,
/en/hours-between-14-30-and-19-30/,en,en-hours-between,200,https://zeit-rechner.com/en/hours-between-14-30-and-19-30/,true,"index, follow, max-snippet:-1, max-image-preview:large",How Many Hours Between 14:30 and 19:30?,383,true,true,true,10,25,#F5F3FB,
/en/hours-between-14-30-and-2-30/,en,en-hours-between,200,https://zeit-rechner.com/en/hours-between-14-30-and-2-30/,true,"index, follow, max-snippet:-1, max-image-preview:large",How Many Hours Between 14:30 and 02:30?,453,true,true,true,10,25,#F5F3FB,
/en/hours-between-14-30-and-20-30/,en,en-hours-between,200,https://zeit-rechner.com/en/hours-between-14-30-and-20-30/,true,"index, follow, max-snippet:-1, max-image-preview:large",How Many Hours Between 14:30 and 20:30?,371,true,true,true,9,25,#F5F3FB,
/en/hours-between-14-30-and-22-30/,en,en-hours-between,200,https://zeit-rechner.com/en/hours-between-14-30-and-22-30/,true,"index, follow, max-snippet:-1, max-image-preview:large",How Many Hours Between 14:30 and 22:30?,359,true,true,true,11,25,#F5F3FB,
/en/hours-between-14-and-0/,en,en-hours-between,200,https://zeit-rechner.com/en/hours-between-14-and-0/,true,"index, follow, max-snippet:-1, max-image-preview:large",How Many Hours Between 14:00 and 00:00?,437,true,true,true,10,25,#F5F3FB,
/en/hours-between-14-and-14-30/,en,en-hours-between,200,https://zeit-rechner.com/en/hours-between-14-and-14-30/,true,"index, follow, max-snippet:-1, max-image-preview:large",How Many Hours Between 14:00 and 14:30?,729,true,true,true,9,25,#F5F3FB,
/en/hours-between-14-and-15-30/,en,en-hours-between,200,https://zeit-rechner.com/en/hours-between-14-and-15-30/,true,"index, follow, max-snippet:-1, max-image-preview:large",How Many Hours Between 14:00 and 15:30?,347,true,true,true,10,25,#F5F3FB,
/en/hours-between-14-and-15/,en,en-hours-between,200,https://zeit-rechner.com/en/hours-between-14-and-15/,true,"index, follow, max-snippet:-1, max-image-preview:large",How Many Hours Between 14:00 and 15:00?,319,true,true,true,12,25,#F5F3FB,
/en/hours-between-14-and-16-30/,en,en-hours-between,200,https://zeit-rechner.com/en/hours-between-14-and-16-30/,true,"index, follow, max-snippet:-1, max-image-preview:large",How Many Hours Between 14:00 and 16:30?,721,true,true,true,13,25,#F5F3FB,
/en/hours-between-14-and-16/,en,en-hours-between,200,https://zeit-rechner.com/en/hours-between-14-and-16/,true,"index, follow, max-snippet:-1, max-image-preview:large",How Many Hours Between 14:00 and 16:00?,706,true,true,true,10,25,#F5F3FB,
/en/hours-between-14-and-17/,en,en-hours-between,200,https://zeit-rechner.com/en/hours-between-14-and-17/,true,"index, follow, max-snippet:-1, max-image-preview:large",How Many Hours Between 14:00 and 17:00?,347,true,true,true,11,25,#F5F3FB,
/en/hours-between-14-and-18/,en,en-hours-between,200,https://zeit-rechner.com/en/hours-between-14-and-18/,true,"index, follow, max-snippet:-1, max-image-preview:large",How Many Hours Between 14:00 and 18:00?,754,true,true,true,10,25,#F5F3FB,
/en/hours-between-14-and-19/,en,en-hours-between,200,https://zeit-rechner.com/en/hours-between-14-and-19/,true,"index, follow, max-snippet:-1, max-image-preview:large",How Many Hours Between 14:00 and 19:00?,371,true,true,true,10,25,#F5F3FB,
/en/hours-between-14-and-2/,en,en-hours-between,200,https://zeit-rechner.com/en/hours-between-14-and-2/,true,"index, follow, max-snippet:-1, max-image-preview:large",How Many Hours Between 14:00 and 02:00?,477,true,true,true,10,25,#F5F3FB,
/en/hours-between-14-and-20/,en,en-hours-between,200,https://zeit-rechner.com/en/hours-between-14-and-20/,true,"index, follow, max-snippet:-1, max-image-preview:large",How Many Hours Between 14:00 and 20:00?,371,true,true,true,9,25,#F5F3FB,
/en/hours-between-14-and-21/,en,en-hours-between,200,https://zeit-rechner.com/en/hours-between-14-and-21/,true,"index, follow, max-snippet:-1, max-image-preview:large",How Many Hours Between 14:00 and 21:00?,760,true,true,true,8,25,#F5F3FB,
/en/hours-between-14-and-22-30/,en,en-hours-between,200,https://zeit-rechner.com/en/hours-between-14-and-22-30/,true,"index, follow, max-snippet:-1, max-image-preview:large",How Many Hours Between 14:00 and 22:30?,377,true,true,true,10,25,#F5F3FB,
/en/hours-between-14-and-22/,en,en-hours-between,200,https://zeit-rechner.com/en/hours-between-14-and-22/,true,"index, follow, max-snippet:-1, max-image-preview:large",How Many Hours Between 14:00 and 22:00?,366,true,true,true,13,25,#F5F3FB,
/en/hours-between-14-and-23/,en,en-hours-between,200,https://zeit-rechner.com/en/hours-between-14-and-23/,true,"index, follow, max-snippet:-1, max-image-preview:large",How Many Hours Between 14:00 and 23:00?,771,true,true,true,8,25,#F5F3FB,
/en/hours-between-15-30-and-1-30/,en,en-hours-between,200,https://zeit-rechner.com/en/hours-between-15-30-and-1-30/,true,"index, follow, max-snippet:-1, max-image-preview:large",How Many Hours Between 15:30 and 01:30?,473,true,true,true,10,25,#F5F3FB,
/en/hours-between-15-30-and-16-30/,en,en-hours-between,200,https://zeit-rechner.com/en/hours-between-15-30-and-16-30/,true,"index, follow, max-snippet:-1, max-image-preview:large",How Many Hours Between 15:30 and 16:30?,318,true,true,true,12,25,#F5F3FB,
/en/hours-between-15-30-and-16/,en,en-hours-between,200,https://zeit-rechner.com/en/hours-between-15-30-and-16/,true,"index, follow, max-snippet:-1, max-image-preview:large",How Many Hours Between 15:30 and 16:00?,347,true,true,true,9,25,#F5F3FB,
/en/hours-between-15-30-and-17/,en,en-hours-between,200,https://zeit-rechner.com/en/hours-between-15-30-and-17/,true,"index, follow, max-snippet:-1, max-image-preview:large",How Many Hours Between 15:30 and 17:00?,726,true,true,true,9,25,#F5F3FB,
/en/hours-between-15-30-and-19-30/,en,en-hours-between,200,https://zeit-rechner.com/en/hours-between-15-30-and-19-30/,true,"index, follow, max-snippet:-1, max-image-preview:large",How Many Hours Between 15:30 and 19:30?,743,true,true,true,10,25,#F5F3FB,
/en/hours-between-15-30-and-20-30/,en,en-hours-between,200,https://zeit-rechner.com/en/hours-between-15-30-and-20-30/,true,"index, follow, max-snippet:-1, max-image-preview:large",How Many Hours Between 15:30 and 20:30?,769,true,true,true,10,25,#F5F3FB,
/en/hours-between-15-30-and-23-30/,en,en-hours-between,200,https://zeit-rechner.com/en/hours-between-15-30-and-23-30/,true,"index, follow, max-snippet:-1, max-image-preview:large",How Many Hours Between 15:30 and 23:30?,396,true,true,true,12,25,#F5F3FB,
/en/hours-between-15-30-and-3-30/,en,en-hours-between,200,https://zeit-rechner.com/en/hours-between-15-30-and-3-30/,true,"index, follow, max-snippet:-1, max-image-preview:large",How Many Hours Between 15:30 and 03:30?,453,true,true,true,10,25,#F5F3FB,
/en/hours-between-15-and-0/,en,en-hours-between,200,https://zeit-rechner.com/en/hours-between-15-and-0/,true,"index, follow, max-snippet:-1, max-image-preview:large",How Many Hours Between 15:00 and 00:00?,834,true,true,true,7,25,#F5F3FB,
/en/hours-between-15-and-1/,en,en-hours-between,200,https://zeit-rechner.com/en/hours-between-15-and-1/,true,"index, follow, max-snippet:-1, max-image-preview:large",How Many Hours Between 15:00 and 01:00?,473,true,true,true,10,25,#F5F3FB,
/en/hours-between-15-and-15-30/,en,en-hours-between,200,https://zeit-rechner.com/en/hours-between-15-and-15-30/,true,"index, follow, max-snippet:-1, max-image-preview:large",How Many Hours Between 15:00 and 15:30?,728,true,true,true,9,25,#F5F3FB,
/en/hours-between-15-and-16-30/,en,en-hours-between,200,https://zeit-rechner.com/en/hours-between-15-and-16-30/,true,"index, follow, max-snippet:-1, max-image-preview:large",How Many Hours Between 15:00 and 16:30?,336,true,true,true,9,25,#F5F3FB,
/en/hours-between-15-and-16/,en,en-hours-between,200,https://zeit-rechner.com/en/hours-between-15-and-16/,true,"index, follow, max-snippet:-1, max-image-preview:large",How Many Hours Between 15:00 and 16:00?,319,true,true,true,12,25,#F5F3FB,
/en/hours-between-15-and-17-30/,en,en-hours-between,200,https://zeit-rechner.com/en/hours-between-15-and-17-30/,true,"index, follow, max-snippet:-1, max-image-preview:large",How Many Hours Between 15:00 and 17:30?,730,true,true,true,10,25,#F5F3FB,
/en/hours-between-15-and-17/,en,en-hours-between,200,https://zeit-rechner.com/en/hours-between-15-and-17/,true,"index, follow, max-snippet:-1, max-image-preview:large",How Many Hours Between 15:00 and 17:00?,732,true,true,true,10,25,#F5F3FB,
/en/hours-between-15-and-18/,en,en-hours-between,200,https://zeit-rechner.com/en/hours-between-15-and-18/,true,"index, follow, max-snippet:-1, max-image-preview:large",How Many Hours Between 15:00 and 18:00?,340,true,true,true,9,25,#F5F3FB,
/en/hours-between-15-and-19/,en,en-hours-between,200,https://zeit-rechner.com/en/hours-between-15-and-19/,true,"index, follow, max-snippet:-1, max-image-preview:large",How Many Hours Between 15:00 and 19:00?,760,true,true,true,10,25,#F5F3FB,
/en/hours-between-15-and-20/,en,en-hours-between,200,https://zeit-rechner.com/en/hours-between-15-and-20/,true,"index, follow, max-snippet:-1, max-image-preview:large",How Many Hours Between 15:00 and 20:00?,756,true,true,true,10,25,#F5F3FB,
/en/hours-between-15-and-21/,en,en-hours-between,200,https://zeit-rechner.com/en/hours-between-15-and-21/,true,"index, follow, max-snippet:-1, max-image-preview:large",How Many Hours Between 15:00 and 21:00?,386,true,true,true,8,25,#F5F3FB,
/en/hours-between-15-and-22/,en,en-hours-between,200,https://zeit-rechner.com/en/hours-between-15-and-22/,true,"index, follow, max-snippet:-1, max-image-preview:large",How Many Hours Between 15:00 and 22:00?,737,true,true,true,7,25,#F5F3FB,
/en/hours-between-15-and-23-30/,en,en-hours-between,200,https://zeit-rechner.com/en/hours-between-15-and-23-30/,true,"index, follow, max-snippet:-1, max-image-preview:large",How Many Hours Between 15:00 and 23:30?,410,true,true,true,10,25,#F5F3FB,
/en/hours-between-15-and-23/,en,en-hours-between,200,https://zeit-rechner.com/en/hours-between-15-and-23/,true,"index, follow, max-snippet:-1, max-image-preview:large",How Many Hours Between 15:00 and 23:00?,371,true,true,true,14,25,#F5F3FB,
/en/hours-between-15-and-3/,en,en-hours-between,200,https://zeit-rechner.com/en/hours-between-15-and-3/,true,"index, follow, max-snippet:-1, max-image-preview:large",How Many Hours Between 15:00 and 03:00?,453,true,true,true,10,25,#F5F3FB,
/en/hours-between-16-30-and-0-30/,en,en-hours-between,200,https://zeit-rechner.com/en/hours-between-16-30-and-0-30/,true,"index, follow, max-snippet:-1, max-image-preview:large",How Many Hours Between 16:30 and 00:30?,416,true,true,true,13,25,#F5F3FB,
/en/hours-between-16-30-and-17-30/,en,en-hours-between,200,https://zeit-rechner.com/en/hours-between-16-30-and-17-30/,true,"index, follow, max-snippet:-1, max-image-preview:large",How Many Hours Between 16:30 and 17:30?,345,true,true,true,12,25,#F5F3FB,
/en/hours-between-16-30-and-17/,en,en-hours-between,200,https://zeit-rechner.com/en/hours-between-16-30-and-17/,true,"index, follow, max-snippet:-1, max-image-preview:large",How Many Hours Between 16:30 and 17:00?,341,true,true,true,9,25,#F5F3FB,
/en/hours-between-16-30-and-18/,en,en-hours-between,200,https://zeit-rechner.com/en/hours-between-16-30-and-18/,true,"index, follow, max-snippet:-1, max-image-preview:large",How Many Hours Between 16:30 and 18:00?,728,true,true,true,10,25,#F5F3FB,
/en/hours-between-16-30-and-2-30/,en,en-hours-between,200,https://zeit-rechner.com/en/hours-between-16-30-and-2-30/,true,"index, follow, max-snippet:-1, max-image-preview:large",How Many Hours Between 16:30 and 02:30?,448,true,true,true,10,25,#F5F3FB,
/en/hours-between-16-30-and-20-30/,en,en-hours-between,200,https://zeit-rechner.com/en/hours-between-16-30-and-20-30/,true,"index, follow, max-snippet:-1, max-image-preview:large",How Many Hours Between 16:30 and 20:30?,375,true,true,true,10,25,#F5F3FB,
/en/hours-between-16-30-and-21-30/,en,en-hours-between,200,https://zeit-rechner.com/en/hours-between-16-30-and-21-30/,true,"index, follow, max-snippet:-1, max-image-preview:large",How Many Hours Between 16:30 and 21:30?,764,true,true,true,10,25,#F5F3FB,
/en/hours-between-16-30-and-4-30/,en,en-hours-between,200,https://zeit-rechner.com/en/hours-between-16-30-and-4-30/,true,"index, follow, max-snippet:-1, max-image-preview:large",How Many Hours Between 16:30 and 04:30?,442,true,true,true,10,25,#F5F3FB,
/en/hours-between-16-and-0-30/,en,en-hours-between,200,https://zeit-rechner.com/en/hours-between-16-and-0-30/,true,"index, follow, max-snippet:-1, max-image-preview:large",How Many Hours Between 16:00 and 00:30?,429,true,true,true,10,25,#F5F3FB,
/en/hours-between-16-and-0/,en,en-hours-between,200,https://zeit-rechner.com/en/hours-between-16-and-0/,true,"index, follow, max-snippet:-1, max-image-preview:large",How Many Hours Between 16:00 and 00:00?,417,true,true,true,12,25,#F5F3FB,
/en/hours-between-16-and-1/,en,en-hours-between,200,https://zeit-rechner.com/en/hours-between-16-and-1/,true,"index, follow, max-snippet:-1, max-image-preview:large",How Many Hours Between 16:00 and 01:00?,831,true,true,true,7,25,#F5F3FB,
/en/hours-between-16-and-16-30/,en,en-hours-between,200,https://zeit-rechner.com/en/hours-between-16-and-16-30/,true,"index, follow, max-snippet:-1, max-image-preview:large",How Many Hours Between 16:00 and 16:30?,730,true,true,true,9,25,#F5F3FB,
/en/hours-between-16-and-17-30/,en,en-hours-between,200,https://zeit-rechner.com/en/hours-between-16-and-17-30/,true,"index, follow, max-snippet:-1, max-image-preview:large",How Many Hours Between 16:00 and 17:30?,348,true,true,true,10,25,#F5F3FB,
/en/hours-between-16-and-17/,en,en-hours-between,200,https://zeit-rechner.com/en/hours-between-16-and-17/,true,"index, follow, max-snippet:-1, max-image-preview:large",How Many Hours Between 16:00 and 17:00?,319,true,true,true,12,25,#F5F3FB,
/en/hours-between-16-and-18-30/,en,en-hours-between,200,https://zeit-rechner.com/en/hours-between-16-and-18-30/,true,"index, follow, max-snippet:-1, max-image-preview:large",How Many Hours Between 16:00 and 18:30?,729,true,true,true,8,25,#F5F3FB,
/en/hours-between-16-and-18/,en,en-hours-between,200,https://zeit-rechner.com/en/hours-between-16-and-18/,true,"index, follow, max-snippet:-1, max-image-preview:large",How Many Hours Between 16:00 and 18:00?,707,true,true,true,10,25,#F5F3FB,
/en/hours-between-16-and-19/,en,en-hours-between,200,https://zeit-rechner.com/en/hours-between-16-and-19/,true,"index, follow, max-snippet:-1, max-image-preview:large",How Many Hours Between 16:00 and 19:00?,347,true,true,true,9,25,#F5F3FB,
/en/hours-between-16-and-2/,en,en-hours-between,200,https://zeit-rechner.com/en/hours-between-16-and-2/,true,"index, follow, max-snippet:-1, max-image-preview:large",How Many Hours Between 16:00 and 02:00?,442,true,true,true,10,25,#F5F3FB,
/en/hours-between-16-and-20/,en,en-hours-between,200,https://zeit-rechner.com/en/hours-between-16-and-20/,true,"index, follow, max-snippet:-1, max-image-preview:large",How Many Hours Between 16:00 and 20:00?,361,true,true,true,11,25,#F5F3FB,
/en/hours-between-16-and-21/,en,en-hours-between,200,https://zeit-rechner.com/en/hours-between-16-and-21/,true,"index, follow, max-snippet:-1, max-image-preview:large",How Many Hours Between 16:00 and 21:00?,753,true,true,true,10,25,#F5F3FB,
/en/hours-between-16-and-22/,en,en-hours-between,200,https://zeit-rechner.com/en/hours-between-16-and-22/,true,"index, follow, max-snippet:-1, max-image-preview:large",How Many Hours Between 16:00 and 22:00?,371,true,true,true,7,25,#F5F3FB,
/en/hours-between-16-and-23/,en,en-hours-between,200,https://zeit-rechner.com/en/hours-between-16-and-23/,true,"index, follow, max-snippet:-1, max-image-preview:large",How Many Hours Between 16:00 and 23:00?,738,true,true,true,7,25,#F5F3FB,
/en/hours-between-16-and-4/,en,en-hours-between,200,https://zeit-rechner.com/en/hours-between-16-and-4/,true,"index, follow, max-snippet:-1, max-image-preview:large",How Many Hours Between 16:00 and 04:00?,476,true,true,true,10,25,#F5F3FB,
/en/hours-between-17-30-and-1-30/,en,en-hours-between,200,https://zeit-rechner.com/en/hours-between-17-30-and-1-30/,true,"index, follow, max-snippet:-1, max-image-preview:large",How Many Hours Between 17:30 and 01:30?,406,true,true,true,11,25,#F5F3FB,
/en/hours-between-17-30-and-18-30/,en,en-hours-between,200,https://zeit-rechner.com/en/hours-between-17-30-and-18-30/,true,"index, follow, max-snippet:-1, max-image-preview:large",How Many Hours Between 17:30 and 18:30?,334,true,true,true,12,25,#F5F3FB,
/en/hours-between-17-30-and-18/,en,en-hours-between,200,https://zeit-rechner.com/en/hours-between-17-30-and-18/,true,"index, follow, max-snippet:-1, max-image-preview:large",How Many Hours Between 17:30 and 18:00?,348,true,true,true,9,25,#F5F3FB,
/en/hours-between-17-30-and-19/,en,en-hours-between,200,https://zeit-rechner.com/en/hours-between-17-30-and-19/,true,"index, follow, max-snippet:-1, max-image-preview:large",How Many Hours Between 17:30 and 19:00?,729,true,true,true,10,25,#F5F3FB,
/en/hours-between-17-30-and-21-30/,en,en-hours-between,200,https://zeit-rechner.com/en/hours-between-17-30-and-21-30/,true,"index, follow, max-snippet:-1, max-image-preview:large",How Many Hours Between 17:30 and 21:30?,376,true,true,true,11,25,#F5F3FB,
/en/hours-between-17-30-and-22-30/,en,en-hours-between,200,https://zeit-rechner.com/en/hours-between-17-30-and-22-30/,true,"index, follow, max-snippet:-1, max-image-preview:large",How Many Hours Between 17:30 and 22:30?,743,true,true,true,10,25,#F5F3FB,
/en/hours-between-17-30-and-3-30/,en,en-hours-between,200,https://zeit-rechner.com/en/hours-between-17-30-and-3-30/,true,"index, follow, max-snippet:-1, max-image-preview:large",How Many Hours Between 17:30 and 03:30?,459,true,true,true,10,25,#F5F3FB,
/en/hours-between-17-30-and-5-30/,en,en-hours-between,200,https://zeit-rechner.com/en/hours-between-17-30-and-5-30/,true,"index, follow, max-snippet:-1, max-image-preview:large",How Many Hours Between 17:30 and 05:30?,467,true,true,true,10,25,#F5F3FB,
/en/hours-between-17-and-0/,en,en-hours-between,200,https://zeit-rechner.com/en/hours-between-17-and-0/,true,"index, follow, max-snippet:-1, max-image-preview:large",How Many Hours Between 17:00 and 00:00?,787,true,true,true,8,25,#F5F3FB,
/en/hours-between-17-and-1-30/,en,en-hours-between,200,https://zeit-rechner.com/en/hours-between-17-and-1-30/,true,"index, follow, max-snippet:-1, max-image-preview:large",How Many Hours Between 17:00 and 01:30?,435,true,true,true,11,25,#F5F3FB,
/en/hours-between-17-and-1/,en,en-hours-between,200,https://zeit-rechner.com/en/hours-between-17-and-1/,true,"index, follow, max-snippet:-1, max-image-preview:large",How Many Hours Between 17:00 and 01:00?,418,true,true,true,12,25,#F5F3FB,
/en/hours-between-17-and-17-30/,en,en-hours-between,200,https://zeit-rechner.com/en/hours-between-17-and-17-30/,true,"index, follow, max-snippet:-1, max-image-preview:large",How Many Hours Between 17:00 and 17:30?,729,true,true,true,9,25,#F5F3FB,
/en/hours-between-17-and-18-30/,en,en-hours-between,200,https://zeit-rechner.com/en/hours-between-17-and-18-30/,true,"index, follow, max-snippet:-1, max-image-preview:large",How Many Hours Between 17:00 and 18:30?,347,true,true,true,11,25,#F5F3FB,
/en/hours-between-17-and-18/,en,en-hours-between,200,https://zeit-rechner.com/en/hours-between-17-and-18/,true,"index, follow, max-snippet:-1, max-image-preview:large",How Many Hours Between 17:00 and 18:00?,318,true,true,true,12,25,#F5F3FB,
/en/hours-between-17-and-19-30/,en,en-hours-between,200,https://zeit-rechner.com/en/hours-between-17-and-19-30/,true,"index, follow, max-snippet:-1, max-image-preview:large",How Many Hours Between 17:00 and 19:30?,726,true,true,true,9,25,#F5F3FB,
/en/hours-between-17-and-19/,en,en-hours-between,200,https://zeit-rechner.com/en/hours-between-17-and-19/,true,"index, follow, max-snippet:-1, max-image-preview:large",How Many Hours Between 17:00 and 19:00?,733,true,true,true,9,25,#F5F3FB,
/en/hours-between-17-and-2/,en,en-hours-between,200,https://zeit-rechner.com/en/hours-between-17-and-2/,true,"index, follow, max-snippet:-1, max-image-preview:large",How Many Hours Between 17:00 and 02:00?,856,true,true,true,7,25,#F5F3FB,
/en/hours-between-17-and-20/,en,en-hours-between,200,https://zeit-rechner.com/en/hours-between-17-and-20/,true,"index, follow, max-snippet:-1, max-image-preview:large",How Many Hours Between 17:00 and 20:00?,719,true,true,true,8,25,#F5F3FB,
/en/hours-between-17-and-21/,en,en-hours-between,200,https://zeit-rechner.com/en/hours-between-17-and-21/,true,"index, follow, max-snippet:-1, max-image-preview:large",How Many Hours Between 17:00 and 21:00?,360,true,true,true,11,25,#F5F3FB,
/en/hours-between-17-and-22/,en,en-hours-between,200,https://zeit-rechner.com/en/hours-between-17-and-22/,true,"index, follow, max-snippet:-1, max-image-preview:large",How Many Hours Between 17:00 and 22:00?,757,true,true,true,10,25,#F5F3FB,
/en/hours-between-17-and-23/,en,en-hours-between,200,https://zeit-rechner.com/en/hours-between-17-and-23/,true,"index, follow, max-snippet:-1, max-image-preview:large",How Many Hours Between 17:00 and 23:00?,387,true,true,true,8,25,#F5F3FB,
/en/hours-between-17-and-3/,en,en-hours-between,200,https://zeit-rechner.com/en/hours-between-17-and-3/,true,"index, follow, max-snippet:-1, max-image-preview:large",How Many Hours Between 17:00 and 03:00?,452,true,true,true,10,25,#F5F3FB,
/en/hours-between-17-and-5/,en,en-hours-between,200,https://zeit-rechner.com/en/hours-between-17-and-5/,true,"index, follow, max-snippet:-1, max-image-preview:large",How Many Hours Between 17:00 and 05:00?,443,true,true,true,10,25,#F5F3FB,
/en/hours-between-18-30-and-0-30/,en,en-hours-between,200,https://zeit-rechner.com/en/hours-between-18-30-and-0-30/,true,"index, follow, max-snippet:-1, max-image-preview:large",How Many Hours Between 18:30 and 00:30?,423,true,true,true,9,25,#F5F3FB,
/en/hours-between-18-30-and-1-30/,en,en-hours-between,200,https://zeit-rechner.com/en/hours-between-18-30-and-1-30/,true,"index, follow, max-snippet:-1, max-image-preview:large",How Many Hours Between 18:30 and 01:30?,818,true,true,true,9,25,#F5F3FB,
/en/hours-between-18-30-and-19-30/,en,en-hours-between,200,https://zeit-rechner.com/en/hours-between-18-30-and-19-30/,true,"index, follow, max-snippet:-1, max-image-preview:large",How Many Hours Between 18:30 and 19:30?,330,true,true,true,12,25,#F5F3FB,
/en/hours-between-18-30-and-19/,en,en-hours-between,200,https://zeit-rechner.com/en/hours-between-18-30-and-19/,true,"index, follow, max-snippet:-1, max-image-preview:large",How Many Hours Between 18:30 and 19:00?,336,true,true,true,9,25,#F5F3FB,
/en/hours-between-18-30-and-2-30/,en,en-hours-between,200,https://zeit-rechner.com/en/hours-between-18-30-and-2-30/,true,"index, follow, max-snippet:-1, max-image-preview:large",How Many Hours Between 18:30 and 02:30?,429,true,true,true,13,25,#F5F3FB,
/en/hours-between-18-30-and-20/,en,en-hours-between,200,https://zeit-rechner.com/en/hours-between-18-30-and-20/,true,"index, follow, max-snippet:-1, max-image-preview:large",How Many Hours Between 18:30 and 20:00?,337,true,true,true,9,25,#F5F3FB,
/en/hours-between-18-30-and-22-30/,en,en-hours-between,200,https://zeit-rechner.com/en/hours-between-18-30-and-22-30/,true,"index, follow, max-snippet:-1, max-image-preview:large",How Many Hours Between 18:30 and 22:30?,382,true,true,true,10,25,#F5F3FB,
/en/hours-between-18-30-and-23-30/,en,en-hours-between,200,https://zeit-rechner.com/en/hours-between-18-30-and-23-30/,true,"index, follow, max-snippet:-1, max-image-preview:large",How Many Hours Between 18:30 and 23:30?,800,true,true,true,11,25,#F5F3FB,
/en/hours-between-18-30-and-3-30/,en,en-hours-between,200,https://zeit-rechner.com/en/hours-between-18-30-and-3-30/,true,"index, follow, max-snippet:-1, max-image-preview:large",How Many Hours Between 18:30 and 03:30?,831,true,true,true,11,25,#F5F3FB,
/en/hours-between-18-30-and-3/,en,en-hours-between,200,https://zeit-rechner.com/en/hours-between-18-30-and-3/,true,"index, follow, max-snippet:-1, max-image-preview:large",How Many Hours Between 18:30 and 03:00?,810,true,true,true,13,25,#F5F3FB,
/en/hours-between-18-30-and-4-30/,en,en-hours-between,200,https://zeit-rechner.com/en/hours-between-18-30-and-4-30/,true,"index, follow, max-snippet:-1, max-image-preview:large",How Many Hours Between 18:30 and 04:30?,460,true,true,true,10,25,#F5F3FB,
/en/hours-between-18-30-and-6-30/,en,en-hours-between,200,https://zeit-rechner.com/en/hours-between-18-30-and-6-30/,true,"index, follow, max-snippet:-1, max-image-preview:large",How Many Hours Between 18:30 and 06:30?,466,true,true,true,10,25,#F5F3FB,
/en/hours-between-18-and-0/,en,en-hours-between,200,https://zeit-rechner.com/en/hours-between-18-and-0/,true,"index, follow, max-snippet:-1, max-image-preview:large",How Many Hours Between 18:00 and 00:00?,417,true,true,true,9,25,#F5F3FB,
/en/hours-between-18-and-1/,en,en-hours-between,200,https://zeit-rechner.com/en/hours-between-18-and-1/,true,"index, follow, max-snippet:-1, max-image-preview:large",How Many Hours Between 18:00 and 01:00?,803,true,true,true,9,25,#F5F3FB,
/en/hours-between-18-and-18-30/,en,en-hours-between,200,https://zeit-rechner.com/en/hours-between-18-and-18-30/,true,"index, follow, max-snippet:-1, max-image-preview:large",How Many Hours Between 18:00 and 18:30?,727,true,true,true,9,25,#F5F3FB,
/en/hours-between-18-and-19-30/,en,en-hours-between,200,https://zeit-rechner.com/en/hours-between-18-and-19-30/,true,"index, follow, max-snippet:-1, max-image-preview:large",How Many Hours Between 18:00 and 19:30?,351,true,true,true,10,25,#F5F3FB,
/en/hours-between-18-and-19/,en,en-hours-between,200,https://zeit-rechner.com/en/hours-between-18-and-19/,true,"index, follow, max-snippet:-1, max-image-preview:large",How Many Hours Between 18:00 and 19:00?,318,true,true,true,12,25,#F5F3FB,
/en/hours-between-18-and-2-30/,en,en-hours-between,200,https://zeit-rechner.com/en/hours-between-18-and-2-30/,true,"index, follow, max-snippet:-1, max-image-preview:large",How Many Hours Between 18:00 and 02:30?,413,true,true,true,11,25,#F5F3FB,
/en/hours-between-18-and-2/,en,en-hours-between,200,https://zeit-rechner.com/en/hours-between-18-and-2/,true,"index, follow, max-snippet:-1, max-image-preview:large",How Many Hours Between 18:00 and 02:00?,431,true,true,true,12,25,#F5F3FB,
/en/hours-between-18-and-20-30/,en,en-hours-between,200,https://zeit-rechner.com/en/hours-between-18-and-20-30/,true,"index, follow, max-snippet:-1, max-image-preview:large",How Many Hours Between 18:00 and 20:30?,325,true,true,true,7,25,#F5F3FB,
/en/hours-between-18-and-20/,en,en-hours-between,200,https://zeit-rechner.com/en/hours-between-18-and-20/,true,"index, follow, max-snippet:-1, max-image-preview:large",How Many Hours Between 18:00 and 20:00?,344,true,true,true,8,25,#F5F3FB,
/en/hours-between-18-and-21/,en,en-hours-between,200,https://zeit-rechner.com/en/hours-between-18-and-21/,true,"index, follow, max-snippet:-1, max-image-preview:large",How Many Hours Between 18:00 and 21:00?,734,true,true,true,6,25,#F5F3FB,
/en/hours-between-18-and-22/,en,en-hours-between,200,https://zeit-rechner.com/en/hours-between-18-and-22/,true,"index, follow, max-snippet:-1, max-image-preview:large",How Many Hours Between 18:00 and 22:00?,360,true,true,true,11,25,#F5F3FB,
/en/hours-between-18-and-23/,en,en-hours-between,200,https://zeit-rechner.com/en/hours-between-18-and-23/,true,"index, follow, max-snippet:-1, max-image-preview:large",How Many Hours Between 18:00 and 23:00?,752,true,true,true,10,25,#F5F3FB,
/en/hours-between-18-and-3/,en,en-hours-between,200,https://zeit-rechner.com/en/hours-between-18-and-3/,true,"index, follow, max-snippet:-1, max-image-preview:large",How Many Hours Between 18:00 and 03:00?,832,true,true,true,9,25,#F5F3FB,
/en/hours-between-18-and-4/,en,en-hours-between,200,https://zeit-rechner.com/en/hours-between-18-and-4/,true,"index, follow, max-snippet:-1, max-image-preview:large",How Many Hours Between 18:00 and 04:00?,467,true,true,true,9,25,#F5F3FB,
/en/hours-between-18-and-6/,en,en-hours-between,200,https://zeit-rechner.com/en/hours-between-18-and-6/,true,"index, follow, max-snippet:-1, max-image-preview:large",How Many Hours Between 18:00 and 06:00?,448,true,true,true,10,25,#F5F3FB,
/en/hours-between-19-30-and-0-30/,en,en-hours-between,200,https://zeit-rechner.com/en/hours-between-19-30-and-0-30/,true,"index, follow, max-snippet:-1, max-image-preview:large",How Many Hours Between 19:30 and 00:30?,800,true,true,true,11,25,#F5F3FB,
/en/hours-between-19-30-and-1-30/,en,en-hours-between,200,https://zeit-rechner.com/en/hours-between-19-30-and-1-30/,true,"index, follow, max-snippet:-1, max-image-preview:large",How Many Hours Between 19:30 and 01:30?,434,true,true,true,10,25,#F5F3FB,
/en/hours-between-19-30-and-2-30/,en,en-hours-between,200,https://zeit-rechner.com/en/hours-between-19-30-and-2-30/,true,"index, follow, max-snippet:-1, max-image-preview:large",How Many Hours Between 19:30 and 02:30?,791,true,true,true,10,25,#F5F3FB,
/en/hours-between-19-30-and-20-30/,en,en-hours-between,200,https://zeit-rechner.com/en/hours-between-19-30-and-20-30/,true,"index, follow, max-snippet:-1, max-image-preview:large",How Many Hours Between 19:30 and 20:30?,708,true,true,true,13,25,#F5F3FB,
/en/hours-between-19-30-and-20/,en,en-hours-between,200,https://zeit-rechner.com/en/hours-between-19-30-and-20/,true,"index, follow, max-snippet:-1, max-image-preview:large",How Many Hours Between 19:30 and 20:00?,725,true,true,true,9,25,#F5F3FB,
/en/hours-between-19-30-and-21/,en,en-hours-between,200,https://zeit-rechner.com/en/hours-between-19-30-and-21/,true,"index, follow, max-snippet:-1, max-image-preview:large",How Many Hours Between 19:30 and 21:00?,325,true,true,true,10,25,#F5F3FB,
/en/hours-between-19-30-and-23-30/,en,en-hours-between,200,https://zeit-rechner.com/en/hours-between-19-30-and-23-30/,true,"index, follow, max-snippet:-1, max-image-preview:large",How Many Hours Between 19:30 and 23:30?,403,true,true,true,11,25,#F5F3FB,
/en/hours-between-19-30-and-3-30/,en,en-hours-between,200,https://zeit-rechner.com/en/hours-between-19-30-and-3-30/,true,"index, follow, max-snippet:-1, max-image-preview:large",How Many Hours Between 19:30 and 03:30?,418,true,true,true,12,25,#F5F3FB,
/en/hours-between-19-30-and-4-30/,en,en-hours-between,200,https://zeit-rechner.com/en/hours-between-19-30-and-4-30/,true,"index, follow, max-snippet:-1, max-image-preview:large",How Many Hours Between 19:30 and 04:30?,845,true,true,true,10,25,#F5F3FB,
/en/hours-between-19-30-and-4/,en,en-hours-between,200,https://zeit-rechner.com/en/hours-between-19-30-and-4/,true,"index, follow, max-snippet:-1, max-image-preview:large",How Many Hours Between 19:30 and 04:00?,798,true,true,true,13,25,#F5F3FB,
/en/hours-between-19-30-and-5-30/,en,en-hours-between,200,https://zeit-rechner.com/en/hours-between-19-30-and-5-30/,true,"index, follow, max-snippet:-1, max-image-preview:large",How Many Hours Between 19:30 and 05:30?,452,true,true,true,10,25,#F5F3FB,
/en/hours-between-19-30-and-7-30/,en,en-hours-between,200,https://zeit-rechner.com/en/hours-between-19-30-and-7-30/,true,"index, follow, max-snippet:-1, max-image-preview:large",How Many Hours Between 19:30 and 07:30?,442,true,true,true,14,25,#F5F3FB,
/en/hours-between-19-and-0/,en,en-hours-between,200,https://zeit-rechner.com/en/hours-between-19-and-0/,true,"index, follow, max-snippet:-1, max-image-preview:large",How Many Hours Between 19:00 and 00:00?,820,true,true,true,11,25,#F5F3FB,
/en/hours-between-19-and-1/,en,en-hours-between,200,https://zeit-rechner.com/en/hours-between-19-and-1/,true,"index, follow, max-snippet:-1, max-image-preview:large",How Many Hours Between 19:00 and 01:00?,437,true,true,true,10,25,#F5F3FB,
/en/hours-between-19-and-19-30/,en,en-hours-between,200,https://zeit-rechner.com/en/hours-between-19-and-19-30/,true,"index, follow, max-snippet:-1, max-image-preview:large",How Many Hours Between 19:00 and 19:30?,735,true,true,true,9,25,#F5F3FB,
/en/hours-between-19-and-2/,en,en-hours-between,200,https://zeit-rechner.com/en/hours-between-19-and-2/,true,"index, follow, max-snippet:-1, max-image-preview:large",How Many Hours Between 19:00 and 02:00?,816,true,true,true,10,25,#F5F3FB,
/en/hours-between-19-and-20-30/,en,en-hours-between,200,https://zeit-rechner.com/en/hours-between-19-and-20-30/,true,"index, follow, max-snippet:-1, max-image-preview:large",How Many Hours Between 19:00 and 20:30?,714,true,true,true,9,25,#F5F3FB,
/en/hours-between-19-and-20/,en,en-hours-between,200,https://zeit-rechner.com/en/hours-between-19-and-20/,true,"index, follow, max-snippet:-1, max-image-preview:large",How Many Hours Between 19:00 and 20:00?,719,true,true,true,12,25,#F5F3FB,
/en/hours-between-19-and-23/,en,en-hours-between,200,https://zeit-rechner.com/en/hours-between-19-and-23/,true,"index, follow, max-snippet:-1, max-image-preview:large",How Many Hours Between 19:00 and 23:00?,376,true,true,true,10,25,#F5F3FB,
/en/hours-between-19-and-3-30/,en,en-hours-between,200,https://zeit-rechner.com/en/hours-between-19-and-3-30/,true,"index, follow, max-snippet:-1, max-image-preview:large",How Many Hours Between 19:00 and 03:30?,424,true,true,true,13,25,#F5F3FB,
/en/hours-between-19-and-3/,en,en-hours-between,200,https://zeit-rechner.com/en/hours-between-19-and-3/,true,"index, follow, max-snippet:-1, max-image-preview:large",How Many Hours Between 19:00 and 03:00?,435,true,true,true,12,25,#F5F3FB,
/en/hours-between-19-and-4/,en,en-hours-between,200,https://zeit-rechner.com/en/hours-between-19-and-4/,true,"index, follow, max-snippet:-1, max-image-preview:large",How Many Hours Between 19:00 and 04:00?,820,true,true,true,9,25,#F5F3FB,
/en/hours-between-19-and-5/,en,en-hours-between,200,https://zeit-rechner.com/en/hours-between-19-and-5/,true,"index, follow, max-snippet:-1, max-image-preview:large",How Many Hours Between 19:00 and 05:00?,459,true,true,true,9,25,#F5F3FB,
/en/hours-between-19-and-7/,en,en-hours-between,200,https://zeit-rechner.com/en/hours-between-19-and-7/,true,"index, follow, max-snippet:-1, max-image-preview:large",How Many Hours Between 19:00 and 07:00?,437,true,true,true,10,25,#F5F3FB,
/en/hours-between-2-30-and-10-30/,en,en-hours-between,200,https://zeit-rechner.com/en/hours-between-2-30-and-10-30/,true,"index, follow, max-snippet:-1, max-image-preview:large",How Many Hours Between 02:30 and 10:30?,397,true,true,true,12,25,#F5F3FB,
/en/hours-between-2-30-and-12-30/,en,en-hours-between,200,https://zeit-rechner.com/en/hours-between-2-30-and-12-30/,true,"index, follow, max-snippet:-1, max-image-preview:large",How Many Hours Between 02:30 and 12:30?,430,true,true,true,11,25,#F5F3FB,
/en/hours-between-2-30-and-14-30/,en,en-hours-between,200,https://zeit-rechner.com/en/hours-between-2-30-and-14-30/,true,"index, follow, max-snippet:-1, max-image-preview:large",How Many Hours Between 02:30 and 14:30?,441,true,true,true,11,25,#F5F3FB,
/en/hours-between-2-30-and-3-30/,en,en-hours-between,200,https://zeit-rechner.com/en/hours-between-2-30-and-3-30/,true,"index, follow, max-snippet:-1, max-image-preview:large",How Many Hours Between 02:30 and 03:30?,397,true,true,true,13,25,#F5F3FB,
/en/hours-between-2-30-and-3/,en,en-hours-between,200,https://zeit-rechner.com/en/hours-between-2-30-and-3/,true,"index, follow, max-snippet:-1, max-image-preview:large",How Many Hours Between 02:30 and 03:00?,378,true,true,true,10,25,#F5F3FB,
/en/hours-between-2-30-and-4/,en,en-hours-between,200,https://zeit-rechner.com/en/hours-between-2-30-and-4/,true,"index, follow, max-snippet:-1, max-image-preview:large",How Many Hours Between 02:30 and 04:00?,783,true,true,true,9,25,#F5F3FB,
/en/hours-between-2-30-and-6-30/,en,en-hours-between,200,https://zeit-rechner.com/en/hours-between-2-30-and-6-30/,true,"index, follow, max-snippet:-1, max-image-preview:large",How Many Hours Between 02:30 and 06:30?,790,true,true,true,13,25,#F5F3FB,
/en/hours-between-2-30-and-7-30/,en,en-hours-between,200,https://zeit-rechner.com/en/hours-between-2-30-and-7-30/,true,"index, follow, max-snippet:-1, max-image-preview:large",How Many Hours Between 02:30 and 07:30?,403,true,true,true,13,25,#F5F3FB,
/en/hours-between-2-and-10/,en,en-hours-between,200,https://zeit-rechner.com/en/hours-between-2-and-10/,true,"index, follow, max-snippet:-1, max-image-preview:large",How Many Hours Between 02:00 and 10:00?,387,true,true,true,12,25,#F5F3FB,
/en/hours-between-2-and-12/,en,en-hours-between,200,https://zeit-rechner.com/en/hours-between-2-and-12/,true,"index, follow, max-snippet:-1, max-image-preview:large",How Many Hours Between 02:00 and 12:00?,447,true,true,true,10,25,#F5F3FB,
/en/hours-between-2-and-14/,en,en-hours-between,200,https://zeit-rechner.com/en/hours-between-2-and-14/,true,"index, follow, max-snippet:-1, max-image-preview:large",How Many Hours Between 02:00 and 14:00?,429,true,true,true,10,25,#F5F3FB,
/en/hours-between-2-and-2-30/,en,en-hours-between,200,https://zeit-rechner.com/en/hours-between-2-and-2-30/,true,"index, follow, max-snippet:-1, max-image-preview:large",How Many Hours Between 02:00 and 02:30?,789,true,true,true,12,25,#F5F3FB,
/en/hours-between-2-and-3-30/,en,en-hours-between,200,https://zeit-rechner.com/en/hours-between-2-and-3-30/,true,"index, follow, max-snippet:-1, max-image-preview:large",How Many Hours Between 02:00 and 03:30?,384,true,true,true,9,25,#F5F3FB,
/en/hours-between-2-and-3/,en,en-hours-between,200,https://zeit-rechner.com/en/hours-between-2-and-3/,true,"index, follow, max-snippet:-1, max-image-preview:large",How Many Hours Between 02:00 and 03:00?,398,true,true,true,13,25,#F5F3FB,
/en/hours-between-2-and-6/,en,en-hours-between,200,https://zeit-rechner.com/en/hours-between-2-and-6/,true,"index, follow, max-snippet:-1, max-image-preview:large",How Many Hours Between 02:00 and 06:00?,790,true,true,true,12,25,#F5F3FB,
/en/hours-between-2-and-7/,en,en-hours-between,200,https://zeit-rechner.com/en/hours-between-2-and-7/,true,"index, follow, max-snippet:-1, max-image-preview:large",How Many Hours Between 02:00 and 07:00?,403,true,true,true,13,25,#F5F3FB,
/en/hours-between-20-30-and-0-30/,en,en-hours-between,200,https://zeit-rechner.com/en/hours-between-20-30-and-0-30/,true,"index, follow, max-snippet:-1, max-image-preview:large",How Many Hours Between 20:30 and 00:30?,793,true,true,true,13,25,#F5F3FB,
/en/hours-between-20-30-and-1-30/,en,en-hours-between,200,https://zeit-rechner.com/en/hours-between-20-30-and-1-30/,true,"index, follow, max-snippet:-1, max-image-preview:large",How Many Hours Between 20:30 and 01:30?,412,true,true,true,12,25,#F5F3FB,
/en/hours-between-20-30-and-2-30/,en,en-hours-between,200,https://zeit-rechner.com/en/hours-between-20-30-and-2-30/,true,"index, follow, max-snippet:-1, max-image-preview:large",How Many Hours Between 20:30 and 02:30?,796,true,true,true,12,25,#F5F3FB,
/en/hours-between-20-30-and-21-30/,en,en-hours-between,200,https://zeit-rechner.com/en/hours-between-20-30-and-21-30/,true,"index, follow, max-snippet:-1, max-image-preview:large",How Many Hours Between 20:30 and 21:30?,355,true,true,true,12,25,#F5F3FB,
/en/hours-between-20-30-and-21/,en,en-hours-between,200,https://zeit-rechner.com/en/hours-between-20-30-and-21/,true,"index, follow, max-snippet:-1, max-image-preview:large",How Many Hours Between 20:30 and 21:00?,362,true,true,true,9,25,#F5F3FB,
/en/hours-between-20-30-and-22/,en,en-hours-between,200,https://zeit-rechner.com/en/hours-between-20-30-and-22/,true,"index, follow, max-snippet:-1, max-image-preview:large",How Many Hours Between 20:30 and 22:00?,760,true,true,true,10,25,#F5F3FB,
/en/hours-between-20-30-and-3-30/,en,en-hours-between,200,https://zeit-rechner.com/en/hours-between-20-30-and-3-30/,true,"index, follow, max-snippet:-1, max-image-preview:large",How Many Hours Between 20:30 and 03:30?,443,true,true,true,11,25,#F5F3FB,
/en/hours-between-20-30-and-4-30/,en,en-hours-between,200,https://zeit-rechner.com/en/hours-between-20-30-and-4-30/,true,"index, follow, max-snippet:-1, max-image-preview:large",How Many Hours Between 20:30 and 04:30?,816,true,true,true,9,25,#F5F3FB,
/en/hours-between-20-30-and-5-30/,en,en-hours-between,200,https://zeit-rechner.com/en/hours-between-20-30-and-5-30/,true,"index, follow, max-snippet:-1, max-image-preview:large",How Many Hours Between 20:30 and 05:30?,431,true,true,true,11,25,#F5F3FB,
/en/hours-between-20-30-and-5/,en,en-hours-between,200,https://zeit-rechner.com/en/hours-between-20-30-and-5/,true,"index, follow, max-snippet:-1, max-image-preview:large",How Many Hours Between 20:30 and 05:00?,423,true,true,true,13,25,#F5F3FB,
/en/hours-between-20-30-and-6-30/,en,en-hours-between,200,https://zeit-rechner.com/en/hours-between-20-30-and-6-30/,true,"index, follow, max-snippet:-1, max-image-preview:large",How Many Hours Between 20:30 and 06:30?,842,true,true,true,11,25,#F5F3FB,
/en/hours-between-20-30-and-8-30/,en,en-hours-between,200,https://zeit-rechner.com/en/hours-between-20-30-and-8-30/,true,"index, follow, max-snippet:-1, max-image-preview:large",How Many Hours Between 20:30 and 08:30?,841,true,true,true,12,25,#F5F3FB,
/en/hours-between-20-and-0/,en,en-hours-between,200,https://zeit-rechner.com/en/hours-between-20-and-0/,true,"index, follow, max-snippet:-1, max-image-preview:large",How Many Hours Between 20:00 and 00:00?,809,true,true,true,12,25,#F5F3FB,
/en/hours-between-20-and-1/,en,en-hours-between,200,https://zeit-rechner.com/en/hours-between-20-and-1/,true,"index, follow, max-snippet:-1, max-image-preview:large",How Many Hours Between 20:00 and 01:00?,434,true,true,true,10,25,#F5F3FB,
/en/hours-between-20-and-2/,en,en-hours-between,200,https://zeit-rechner.com/en/hours-between-20-and-2/,true,"index, follow, max-snippet:-1, max-image-preview:large",How Many Hours Between 20:00 and 02:00?,814,true,true,true,12,25,#F5F3FB,
/en/hours-between-20-and-20-30/,en,en-hours-between,200,https://zeit-rechner.com/en/hours-between-20-and-20-30/,true,"index, follow, max-snippet:-1, max-image-preview:large",How Many Hours Between 20:00 and 20:30?,756,true,true,true,9,25,#F5F3FB,
/en/hours-between-20-and-21-30/,en,en-hours-between,200,https://zeit-rechner.com/en/hours-between-20-and-21-30/,true,"index, follow, max-snippet:-1, max-image-preview:large",How Many Hours Between 20:00 and 21:30?,362,true,true,true,10,25,#F5F3FB,
/en/hours-between-20-and-21/,en,en-hours-between,200,https://zeit-rechner.com/en/hours-between-20-and-21/,true,"index, follow, max-snippet:-1, max-image-preview:large",How Many Hours Between 20:00 and 21:00?,339,true,true,true,14,25,#F5F3FB,
/en/hours-between-20-and-22-30/,en,en-hours-between,200,https://zeit-rechner.com/en/hours-between-20-and-22-30/,true,"index, follow, max-snippet:-1, max-image-preview:large",How Many Hours Between 20:00 and 22:30?,746,true,true,true,7,25,#F5F3FB,
/en/hours-between-20-and-22/,en,en-hours-between,200,https://zeit-rechner.com/en/hours-between-20-and-22/,true,"index, follow, max-snippet:-1, max-image-preview:large",How Many Hours Between 20:00 and 22:00?,741,true,true,true,8,25,#F5F3FB,
/en/hours-between-20-and-23/,en,en-hours-between,200,https://zeit-rechner.com/en/hours-between-20-and-23/,true,"index, follow, max-snippet:-1, max-image-preview:large",How Many Hours Between 20:00 and 23:00?,357,true,true,true,8,25,#F5F3FB,
/en/hours-between-20-and-3/,en,en-hours-between,200,https://zeit-rechner.com/en/hours-between-20-and-3/,true,"index, follow, max-snippet:-1, max-image-preview:large",How Many Hours Between 20:00 and 03:00?,416,true,true,true,11,25,#F5F3FB,
/en/hours-between-20-and-4-30/,en,en-hours-between,200,https://zeit-rechner.com/en/hours-between-20-and-4-30/,true,"index, follow, max-snippet:-1, max-image-preview:large",How Many Hours Between 20:00 and 04:30?,797,true,true,true,13,25,#F5F3FB,
/en/hours-between-20-and-4/,en,en-hours-between,200,https://zeit-rechner.com/en/hours-between-20-and-4/,true,"index, follow, max-snippet:-1, max-image-preview:large",How Many Hours Between 20:00 and 04:00?,800,true,true,true,9,25,#F5F3FB,
/en/hours-between-20-and-5/,en,en-hours-between,200,https://zeit-rechner.com/en/hours-between-20-and-5/,true,"index, follow, max-snippet:-1, max-image-preview:large",How Many Hours Between 20:00 and 05:00?,441,true,true,true,10,25,#F5F3FB,
/en/hours-between-20-and-6/,en,en-hours-between,200,https://zeit-rechner.com/en/hours-between-20-and-6/,true,"index, follow, max-snippet:-1, max-image-preview:large",How Many Hours Between 20:00 and 06:00?,826,true,true,true,10,25,#F5F3FB,
/en/hours-between-20-and-8/,en,en-hours-between,200,https://zeit-rechner.com/en/hours-between-20-and-8/,true,"index, follow, max-snippet:-1, max-image-preview:large",How Many Hours Between 20:00 and 08:00?,816,true,true,true,13,25,#F5F3FB,
/en/hours-between-21-30-and-1-30/,en,en-hours-between,200,https://zeit-rechner.com/en/hours-between-21-30-and-1-30/,true,"index, follow, max-snippet:-1, max-image-preview:large",How Many Hours Between 21:30 and 01:30?,812,true,true,true,11,25,#F5F3FB,
/en/hours-between-21-30-and-2-30/,en,en-hours-between,200,https://zeit-rechner.com/en/hours-between-21-30-and-2-30/,true,"index, follow, max-snippet:-1, max-image-preview:large",How Many Hours Between 21:30 and 02:30?,400,true,true,true,11,25,#F5F3FB,
/en/hours-between-21-30-and-22-30/,en,en-hours-between,200,https://zeit-rechner.com/en/hours-between-21-30-and-22-30/,true,"index, follow, max-snippet:-1, max-image-preview:large",How Many Hours Between 21:30 and 22:30?,361,true,true,true,14,25,#F5F3FB,
/en/hours-between-21-30-and-22/,en,en-hours-between,200,https://zeit-rechner.com/en/hours-between-21-30-and-22/,true,"index, follow, max-snippet:-1, max-image-preview:large",How Many Hours Between 21:30 and 22:00?,346,true,true,true,10,25,#F5F3FB,
/en/hours-between-21-30-and-23/,en,en-hours-between,200,https://zeit-rechner.com/en/hours-between-21-30-and-23/,true,"index, follow, max-snippet:-1, max-image-preview:large",How Many Hours Between 21:30 and 23:00?,751,true,true,true,11,25,#F5F3FB,
/en/hours-between-21-30-and-3-30/,en,en-hours-between,200,https://zeit-rechner.com/en/hours-between-21-30-and-3-30/,true,"index, follow, max-snippet:-1, max-image-preview:large",How Many Hours Between 21:30 and 03:30?,808,true,true,true,9,25,#F5F3FB,
/en/hours-between-21-30-and-4-30/,en,en-hours-between,200,https://zeit-rechner.com/en/hours-between-21-30-and-4-30/,true,"index, follow, max-snippet:-1, max-image-preview:large",How Many Hours Between 21:30 and 04:30?,417,true,true,true,8,25,#F5F3FB,
/en/hours-between-21-30-and-5-30/,en,en-hours-between,200,https://zeit-rechner.com/en/hours-between-21-30-and-5-30/,true,"index, follow, max-snippet:-1, max-image-preview:large",How Many Hours Between 21:30 and 05:30?,818,true,true,true,10,25,#F5F3FB,
/en/hours-between-21-30-and-6-30/,en,en-hours-between,200,https://zeit-rechner.com/en/hours-between-21-30-and-6-30/,true,"index, follow, max-snippet:-1, max-image-preview:large",How Many Hours Between 21:30 and 06:30?,454,true,true,true,9,25,#F5F3FB,
/en/hours-between-21-30-and-6/,en,en-hours-between,200,https://zeit-rechner.com/en/hours-between-21-30-and-6/,true,"index, follow, max-snippet:-1, max-image-preview:large",How Many Hours Between 21:30 and 06:00?,423,true,true,true,13,25,#F5F3FB,
/en/hours-between-21-30-and-7-30/,en,en-hours-between,200,https://zeit-rechner.com/en/hours-between-21-30-and-7-30/,true,"index, follow, max-snippet:-1, max-image-preview:large",How Many Hours Between 21:30 and 07:30?,831,true,true,true,9,25,#F5F3FB,
/en/hours-between-21-30-and-9-30/,en,en-hours-between,200,https://zeit-rechner.com/en/hours-between-21-30-and-9-30/,true,"index, follow, max-snippet:-1, max-image-preview:large",How Many Hours Between 21:30 and 09:30?,815,true,true,true,10,25,#F5F3FB,
/en/hours-between-21-and-1/,en,en-hours-between,200,https://zeit-rechner.com/en/hours-between-21-and-1/,true,"index, follow, max-snippet:-1, max-image-preview:large",How Many Hours Between 21:00 and 01:00?,797,true,true,true,12,25,#F5F3FB,
/en/hours-between-21-and-2/,en,en-hours-between,200,https://zeit-rechner.com/en/hours-between-21-and-2/,true,"index, follow, max-snippet:-1, max-image-preview:large",How Many Hours Between 21:00 and 02:00?,433,true,true,true,12,25,#F5F3FB,
/en/hours-between-21-and-21-30/,en,en-hours-between,200,https://zeit-rechner.com/en/hours-between-21-and-21-30/,true,"index, follow, max-snippet:-1, max-image-preview:large",How Many Hours Between 21:00 and 21:30?,735,true,true,true,10,25,#F5F3FB,
/en/hours-between-21-and-22-30/,en,en-hours-between,200,https://zeit-rechner.com/en/hours-between-21-and-22-30/,true,"index, follow, max-snippet:-1, max-image-preview:large",How Many Hours Between 21:00 and 22:30?,368,true,true,true,10,25,#F5F3FB,
/en/hours-between-21-and-22/,en,en-hours-between,200,https://zeit-rechner.com/en/hours-between-21-and-22/,true,"index, follow, max-snippet:-1, max-image-preview:large",How Many Hours Between 21:00 and 22:00?,355,true,true,true,12,25,#F5F3FB,
/en/hours-between-21-and-3/,en,en-hours-between,200,https://zeit-rechner.com/en/hours-between-21-and-3/,true,"index, follow, max-snippet:-1, max-image-preview:large",How Many Hours Between 21:00 and 03:00?,806,true,true,true,10,25,#F5F3FB,
/en/hours-between-21-and-4/,en,en-hours-between,200,https://zeit-rechner.com/en/hours-between-21-and-4/,true,"index, follow, max-snippet:-1, max-image-preview:large",How Many Hours Between 21:00 and 04:00?,405,true,true,true,9,25,#F5F3FB,
/en/hours-between-21-and-5-30/,en,en-hours-between,200,https://zeit-rechner.com/en/hours-between-21-and-5-30/,true,"index, follow, max-snippet:-1, max-image-preview:large",How Many Hours Between 21:00 and 05:30?,807,true,true,true,13,25,#F5F3FB,
/en/hours-between-21-and-5/,en,en-hours-between,200,https://zeit-rechner.com/en/hours-between-21-and-5/,true,"index, follow, max-snippet:-1, max-image-preview:large",How Many Hours Between 21:00 and 05:00?,821,true,true,true,11,25,#F5F3FB,
/en/hours-between-21-and-6/,en,en-hours-between,200,https://zeit-rechner.com/en/hours-between-21-and-6/,true,"index, follow, max-snippet:-1, max-image-preview:large",How Many Hours Between 21:00 and 06:00?,442,true,true,true,10,25,#F5F3FB,
/en/hours-between-21-and-7/,en,en-hours-between,200,https://zeit-rechner.com/en/hours-between-21-and-7/,true,"index, follow, max-snippet:-1, max-image-preview:large",How Many Hours Between 21:00 and 07:00?,827,true,true,true,10,25,#F5F3FB,
/en/hours-between-21-and-9/,en,en-hours-between,200,https://zeit-rechner.com/en/hours-between-21-and-9/,true,"index, follow, max-snippet:-1, max-image-preview:large",How Many Hours Between 21:00 and 09:00?,832,true,true,true,11,25,#F5F3FB,
/en/hours-between-22-30-and-0/,en,en-hours-between,200,https://zeit-rechner.com/en/hours-between-22-30-and-0/,true,"index, follow, max-snippet:-1, max-image-preview:large",How Many Hours Between 22:30 and 00:00?,786,true,true,true,10,25,#F5F3FB,
/en/hours-between-22-30-and-10-30/,en,en-hours-between,200,https://zeit-rechner.com/en/hours-between-22-30-and-10-30/,true,"index, follow, max-snippet:-1, max-image-preview:large",How Many Hours Between 22:30 and 10:30?,472,true,true,true,8,25,#F5F3FB,
/en/hours-between-22-30-and-2-30/,en,en-hours-between,200,https://zeit-rechner.com/en/hours-between-22-30-and-2-30/,true,"index, follow, max-snippet:-1, max-image-preview:large",How Many Hours Between 22:30 and 02:30?,811,true,true,true,9,25,#F5F3FB,
/en/hours-between-22-30-and-23-30/,en,en-hours-between,200,https://zeit-rechner.com/en/hours-between-22-30-and-23-30/,true,"index, follow, max-snippet:-1, max-image-preview:large",How Many Hours Between 22:30 and 23:30?,371,true,true,true,13,25,#F5F3FB,
/en/hours-between-22-30-and-23/,en,en-hours-between,200,https://zeit-rechner.com/en/hours-between-22-30-and-23/,true,"index, follow, max-snippet:-1, max-image-preview:large",How Many Hours Between 22:30 and 23:00?,357,true,true,true,8,25,#F5F3FB,
/en/hours-between-22-30-and-3-30/,en,en-hours-between,200,https://zeit-rechner.com/en/hours-between-22-30-and-3-30/,true,"index, follow, max-snippet:-1, max-image-preview:large",How Many Hours Between 22:30 and 03:30?,417,true,true,true,11,25,#F5F3FB,
/en/hours-between-22-30-and-4-30/,en,en-hours-between,200,https://zeit-rechner.com/en/hours-between-22-30-and-4-30/,true,"index, follow, max-snippet:-1, max-image-preview:large",How Many Hours Between 22:30 and 04:30?,809,true,true,true,9,25,#F5F3FB,
/en/hours-between-22-30-and-5-30/,en,en-hours-between,200,https://zeit-rechner.com/en/hours-between-22-30-and-5-30/,true,"index, follow, max-snippet:-1, max-image-preview:large",How Many Hours Between 22:30 and 05:30?,428,true,true,true,7,25,#F5F3FB,
/en/hours-between-22-30-and-6-30/,en,en-hours-between,200,https://zeit-rechner.com/en/hours-between-22-30-and-6-30/,true,"index, follow, max-snippet:-1, max-image-preview:large",How Many Hours Between 22:30 and 06:30?,793,true,true,true,9,25,#F5F3FB,
/en/hours-between-22-30-and-7-30/,en,en-hours-between,200,https://zeit-rechner.com/en/hours-between-22-30-and-7-30/,true,"index, follow, max-snippet:-1, max-image-preview:large",How Many Hours Between 22:30 and 07:30?,454,true,true,true,10,25,#F5F3FB,
/en/hours-between-22-30-and-7/,en,en-hours-between,200,https://zeit-rechner.com/en/hours-between-22-30-and-7/,true,"index, follow, max-snippet:-1, max-image-preview:large",How Many Hours Between 22:30 and 07:00?,438,true,true,true,12,25,#F5F3FB,
/en/hours-between-22-30-and-8-30/,en,en-hours-between,200,https://zeit-rechner.com/en/hours-between-22-30-and-8-30/,true,"index, follow, max-snippet:-1, max-image-preview:large",How Many Hours Between 22:30 and 08:30?,856,true,true,true,7,25,#F5F3FB,
/en/hours-between-22-and-0-30/,en,en-hours-between,200,https://zeit-rechner.com/en/hours-between-22-and-0-30/,true,"index, follow, max-snippet:-1, max-image-preview:large",How Many Hours Between 22:00 and 00:30?,789,true,true,true,5,25,#F5F3FB,
/en/hours-between-22-and-0/,en,en-hours-between,200,https://zeit-rechner.com/en/hours-between-22-and-0/,true,"index, follow, max-snippet:-1, max-image-preview:large",How Many Hours Between 22:00 and 00:00?,794,true,true,true,6,25,#F5F3FB,
/en/hours-between-22-and-1/,en,en-hours-between,200,https://zeit-rechner.com/en/hours-between-22-and-1/,true,"index, follow, max-snippet:-1, max-image-preview:large",How Many Hours Between 22:00 and 01:00?,419,true,true,true,6,25,#F5F3FB,
/en/hours-between-22-and-10/,en,en-hours-between,200,https://zeit-rechner.com/en/hours-between-22-and-10/,true,"index, follow, max-snippet:-1, max-image-preview:large",How Many Hours Between 22:00 and 10:00?,459,true,true,true,9,25,#F5F3FB,
/en/hours-between-22-and-2/,en,en-hours-between,200,https://zeit-rechner.com/en/hours-between-22-and-2/,true,"index, follow, max-snippet:-1, max-image-preview:large",How Many Hours Between 22:00 and 02:00?,795,true,true,true,10,25,#F5F3FB,
/en/hours-between-22-and-22-30/,en,en-hours-between,200,https://zeit-rechner.com/en/hours-between-22-and-22-30/,true,"index, follow, max-snippet:-1, max-image-preview:large",How Many Hours Between 22:00 and 22:30?,740,true,true,true,9,25,#F5F3FB,
/en/hours-between-22-and-23-30/,en,en-hours-between,200,https://zeit-rechner.com/en/hours-between-22-and-23-30/,true,"index, follow, max-snippet:-1, max-image-preview:large",How Many Hours Between 22:00 and 23:30?,400,true,true,true,10,25,#F5F3FB,
/en/hours-between-22-and-23/,en,en-hours-between,200,https://zeit-rechner.com/en/hours-between-22-and-23/,true,"index, follow, max-snippet:-1, max-image-preview:large",How Many Hours Between 22:00 and 23:00?,340,true,true,true,14,25,#F5F3FB,
/en/hours-between-22-and-3/,en,en-hours-between,200,https://zeit-rechner.com/en/hours-between-22-and-3/,true,"index, follow, max-snippet:-1, max-image-preview:large",How Many Hours Between 22:00 and 03:00?,428,true,true,true,9,25,#F5F3FB,
/en/hours-between-22-and-4/,en,en-hours-between,200,https://zeit-rechner.com/en/hours-between-22-and-4/,true,"index, follow, max-snippet:-1, max-image-preview:large",How Many Hours Between 22:00 and 04:00?,803,true,true,true,8,25,#F5F3FB,
/en/hours-between-22-and-5/,en,en-hours-between,200,https://zeit-rechner.com/en/hours-between-22-and-5/,true,"index, follow, max-snippet:-1, max-image-preview:large",How Many Hours Between 22:00 and 05:00?,428,true,true,true,8,25,#F5F3FB,
/en/hours-between-22-and-6-30/,en,en-hours-between,200,https://zeit-rechner.com/en/hours-between-22-and-6-30/,true,"index, follow, max-snippet:-1, max-image-preview:large",How Many Hours Between 22:00 and 06:30?,795,true,true,true,15,25,#F5F3FB,
/en/hours-between-22-and-6/,en,en-hours-between,200,https://zeit-rechner.com/en/hours-between-22-and-6/,true,"index, follow, max-snippet:-1, max-image-preview:large",How Many Hours Between 22:00 and 06:00?,798,true,true,true,10,25,#F5F3FB,
/en/hours-between-22-and-7/,en,en-hours-between,200,https://zeit-rechner.com/en/hours-between-22-and-7/,true,"index, follow, max-snippet:-1, max-image-preview:large",How Many Hours Between 22:00 and 07:00?,419,true,true,true,9,25,#F5F3FB,
/en/hours-between-22-and-8/,en,en-hours-between,200,https://zeit-rechner.com/en/hours-between-22-and-8/,true,"index, follow, max-snippet:-1, max-image-preview:large",How Many Hours Between 22:00 and 08:00?,856,true,true,true,8,25,#F5F3FB,
/en/hours-between-23-30-and-0-30/,en,en-hours-between,200,https://zeit-rechner.com/en/hours-between-23-30-and-0-30/,true,"index, follow, max-snippet:-1, max-image-preview:large",How Many Hours Between 23:30 and 00:30?,396,true,true,true,8,25,#F5F3FB,
/en/hours-between-23-30-and-0/,en,en-hours-between,200,https://zeit-rechner.com/en/hours-between-23-30-and-0/,true,"index, follow, max-snippet:-1, max-image-preview:large",How Many Hours Between 23:30 and 00:00?,424,true,true,true,6,25,#F5F3FB,
/en/hours-between-23-30-and-1/,en,en-hours-between,200,https://zeit-rechner.com/en/hours-between-23-30-and-1/,true,"index, follow, max-snippet:-1, max-image-preview:large",How Many Hours Between 23:30 and 01:00?,791,true,true,true,6,25,#F5F3FB,
/en/hours-between-23-30-and-11-30/,en,en-hours-between,200,https://zeit-rechner.com/en/hours-between-23-30-and-11-30/,true,"index, follow, max-snippet:-1, max-image-preview:large",How Many Hours Between 23:30 and 11:30?,450,true,true,true,6,25,#F5F3FB,
/en/hours-between-23-30-and-3-30/,en,en-hours-between,200,https://zeit-rechner.com/en/hours-between-23-30-and-3-30/,true,"index, follow, max-snippet:-1, max-image-preview:large",How Many Hours Between 23:30 and 03:30?,793,true,true,true,6,25,#F5F3FB,
/en/hours-between-23-30-and-4-30/,en,en-hours-between,200,https://zeit-rechner.com/en/hours-between-23-30-and-4-30/,true,"index, follow, max-snippet:-1, max-image-preview:large",How Many Hours Between 23:30 and 04:30?,418,true,true,true,6,25,#F5F3FB,
/en/hours-between-23-30-and-7-30/,en,en-hours-between,200,https://zeit-rechner.com/en/hours-between-23-30-and-7-30/,true,"index, follow, max-snippet:-1, max-image-preview:large",How Many Hours Between 23:30 and 07:30?,803,true,true,true,5,25,#F5F3FB,
/en/hours-between-23-30-and-9-30/,en,en-hours-between,200,https://zeit-rechner.com/en/hours-between-23-30-and-9-30/,true,"index, follow, max-snippet:-1, max-image-preview:large",How Many Hours Between 23:30 and 09:30?,854,true,true,true,5,25,#F5F3FB,
/en/hours-between-23-and-0-30/,en,en-hours-between,200,https://zeit-rechner.com/en/hours-between-23-and-0-30/,true,"index, follow, max-snippet:-1, max-image-preview:large",How Many Hours Between 23:00 and 00:30?,403,true,true,true,7,25,#F5F3FB,
/en/hours-between-23-and-0/,en,en-hours-between,200,https://zeit-rechner.com/en/hours-between-23-and-0/,true,"index, follow, max-snippet:-1, max-image-preview:large",How Many Hours Between 23:00 and 00:00?,405,true,true,true,10,25,#F5F3FB,
/en/hours-between-23-and-11/,en,en-hours-between,200,https://zeit-rechner.com/en/hours-between-23-and-11/,true,"index, follow, max-snippet:-1, max-image-preview:large",How Many Hours Between 23:00 and 11:00?,448,true,true,true,7,25,#F5F3FB,
/en/hours-between-23-and-23-30/,en,en-hours-between,200,https://zeit-rechner.com/en/hours-between-23-and-23-30/,true,"index, follow, max-snippet:-1, max-image-preview:large",How Many Hours Between 23:00 and 23:30?,783,true,true,true,7,25,#F5F3FB,
/en/hours-between-23-and-3/,en,en-hours-between,200,https://zeit-rechner.com/en/hours-between-23-and-3/,true,"index, follow, max-snippet:-1, max-image-preview:large",How Many Hours Between 23:00 and 03:00?,803,true,true,true,8,25,#F5F3FB,
/en/hours-between-23-and-4/,en,en-hours-between,200,https://zeit-rechner.com/en/hours-between-23-and-4/,true,"index, follow, max-snippet:-1, max-image-preview:large",How Many Hours Between 23:00 and 04:00?,434,true,true,true,9,25,#F5F3FB,
/en/hours-between-23-and-5/,en,en-hours-between,200,https://zeit-rechner.com/en/hours-between-23-and-5/,true,"index, follow, max-snippet:-1, max-image-preview:large",How Many Hours Between 23:00 and 05:00?,804,true,true,true,8,25,#F5F3FB,
/en/hours-between-23-and-6/,en,en-hours-between,200,https://zeit-rechner.com/en/hours-between-23-and-6/,true,"index, follow, max-snippet:-1, max-image-preview:large",How Many Hours Between 23:00 and 06:00?,429,true,true,true,6,25,#F5F3FB,
/en/hours-between-23-and-7-30/,en,en-hours-between,200,https://zeit-rechner.com/en/hours-between-23-and-7-30/,true,"index, follow, max-snippet:-1, max-image-preview:large",How Many Hours Between 23:00 and 07:30?,810,true,true,true,9,25,#F5F3FB,
/en/hours-between-23-and-7/,en,en-hours-between,200,https://zeit-rechner.com/en/hours-between-23-and-7/,true,"index, follow, max-snippet:-1, max-image-preview:large",How Many Hours Between 23:00 and 07:00?,813,true,true,true,8,25,#F5F3FB,
/en/hours-between-23-and-8/,en,en-hours-between,200,https://zeit-rechner.com/en/hours-between-23-and-8/,true,"index, follow, max-snippet:-1, max-image-preview:large",How Many Hours Between 23:00 and 08:00?,452,true,true,true,7,25,#F5F3FB,
/en/hours-between-23-and-9/,en,en-hours-between,200,https://zeit-rechner.com/en/hours-between-23-and-9/,true,"index, follow, max-snippet:-1, max-image-preview:large",How Many Hours Between 23:00 and 09:00?,830,true,true,true,6,25,#F5F3FB,
/en/hours-between-3-30-and-11-30/,en,en-hours-between,200,https://zeit-rechner.com/en/hours-between-3-30-and-11-30/,true,"index, follow, max-snippet:-1, max-image-preview:large",How Many Hours Between 03:30 and 11:30?,397,true,true,true,11,25,#F5F3FB,
/en/hours-between-3-30-and-13-30/,en,en-hours-between,200,https://zeit-rechner.com/en/hours-between-3-30-and-13-30/,true,"index, follow, max-snippet:-1, max-image-preview:large",How Many Hours Between 03:30 and 13:30?,434,true,true,true,12,25,#F5F3FB,
/en/hours-between-3-30-and-15-30/,en,en-hours-between,200,https://zeit-rechner.com/en/hours-between-3-30-and-15-30/,true,"index, follow, max-snippet:-1, max-image-preview:large",How Many Hours Between 03:30 and 15:30?,452,true,true,true,13,25,#F5F3FB,
/en/hours-between-3-30-and-4-30/,en,en-hours-between,200,https://zeit-rechner.com/en/hours-between-3-30-and-4-30/,true,"index, follow, max-snippet:-1, max-image-preview:large",How Many Hours Between 03:30 and 04:30?,386,true,true,true,13,25,#F5F3FB,
/en/hours-between-3-30-and-4/,en,en-hours-between,200,https://zeit-rechner.com/en/hours-between-3-30-and-4/,true,"index, follow, max-snippet:-1, max-image-preview:large",How Many Hours Between 03:30 and 04:00?,389,true,true,true,9,25,#F5F3FB,
/en/hours-between-3-30-and-5/,en,en-hours-between,200,https://zeit-rechner.com/en/hours-between-3-30-and-5/,true,"index, follow, max-snippet:-1, max-image-preview:large",How Many Hours Between 03:30 and 05:00?,790,true,true,true,8,25,#F5F3FB,
/en/hours-between-3-30-and-7-30/,en,en-hours-between,200,https://zeit-rechner.com/en/hours-between-3-30-and-7-30/,true,"index, follow, max-snippet:-1, max-image-preview:large",How Many Hours Between 03:30 and 07:30?,788,true,true,true,12,25,#F5F3FB,
/en/hours-between-3-30-and-8-30/,en,en-hours-between,200,https://zeit-rechner.com/en/hours-between-3-30-and-8-30/,true,"index, follow, max-snippet:-1, max-image-preview:large",How Many Hours Between 03:30 and 08:30?,414,true,true,true,12,25,#F5F3FB,
/en/hours-between-3-and-11/,en,en-hours-between,200,https://zeit-rechner.com/en/hours-between-3-and-11/,true,"index, follow, max-snippet:-1, max-image-preview:large",How Many Hours Between 03:00 and 11:00?,375,true,true,true,10,25,#F5F3FB,
/en/hours-between-3-and-13/,en,en-hours-between,200,https://zeit-rechner.com/en/hours-between-3-and-13/,true,"index, follow, max-snippet:-1, max-image-preview:large",How Many Hours Between 03:00 and 13:00?,434,true,true,true,12,25,#F5F3FB,
/en/hours-between-3-and-15/,en,en-hours-between,200,https://zeit-rechner.com/en/hours-between-3-and-15/,true,"index, follow, max-snippet:-1, max-image-preview:large",How Many Hours Between 03:00 and 15:00?,441,true,true,true,12,25,#F5F3FB,
/en/hours-between-3-and-3-30/,en,en-hours-between,200,https://zeit-rechner.com/en/hours-between-3-and-3-30/,true,"index, follow, max-snippet:-1, max-image-preview:large",How Many Hours Between 03:00 and 03:30?,782,true,true,true,9,25,#F5F3FB,
/en/hours-between-3-and-4-30/,en,en-hours-between,200,https://zeit-rechner.com/en/hours-between-3-and-4-30/,true,"index, follow, max-snippet:-1, max-image-preview:large",How Many Hours Between 03:00 and 04:30?,401,true,true,true,8,25,#F5F3FB,
/en/hours-between-3-and-4/,en,en-hours-between,200,https://zeit-rechner.com/en/hours-between-3-and-4/,true,"index, follow, max-snippet:-1, max-image-preview:large",How Many Hours Between 03:00 and 04:00?,388,true,true,true,13,25,#F5F3FB,
/en/hours-between-3-and-7/,en,en-hours-between,200,https://zeit-rechner.com/en/hours-between-3-and-7/,true,"index, follow, max-snippet:-1, max-image-preview:large",How Many Hours Between 03:00 and 07:00?,787,true,true,true,12,25,#F5F3FB,
/en/hours-between-3-and-8/,en,en-hours-between,200,https://zeit-rechner.com/en/hours-between-3-and-8/,true,"index, follow, max-snippet:-1, max-image-preview:large",How Many Hours Between 03:00 and 08:00?,403,true,true,true,12,25,#F5F3FB,
/en/hours-between-4-30-and-12-30/,en,en-hours-between,200,https://zeit-rechner.com/en/hours-between-4-30-and-12-30/,true,"index, follow, max-snippet:-1, max-image-preview:large",How Many Hours Between 04:30 and 12:30?,409,true,true,true,12,25,#F5F3FB,
/en/hours-between-4-30-and-14-30/,en,en-hours-between,200,https://zeit-rechner.com/en/hours-between-4-30-and-14-30/,true,"index, follow, max-snippet:-1, max-image-preview:large",How Many Hours Between 04:30 and 14:30?,440,true,true,true,10,25,#F5F3FB,
/en/hours-between-4-30-and-16-30/,en,en-hours-between,200,https://zeit-rechner.com/en/hours-between-4-30-and-16-30/,true,"index, follow, max-snippet:-1, max-image-preview:large",How Many Hours Between 04:30 and 16:30?,436,true,true,true,10,25,#F5F3FB,
/en/hours-between-4-30-and-5-30/,en,en-hours-between,200,https://zeit-rechner.com/en/hours-between-4-30-and-5-30/,true,"index, follow, max-snippet:-1, max-image-preview:large",How Many Hours Between 04:30 and 05:30?,397,true,true,true,13,25,#F5F3FB,
/en/hours-between-4-30-and-5/,en,en-hours-between,200,https://zeit-rechner.com/en/hours-between-4-30-and-5/,true,"index, follow, max-snippet:-1, max-image-preview:large",How Many Hours Between 04:30 and 05:00?,394,true,true,true,9,25,#F5F3FB,
/en/hours-between-4-30-and-6/,en,en-hours-between,200,https://zeit-rechner.com/en/hours-between-4-30-and-6/,true,"index, follow, max-snippet:-1, max-image-preview:large",How Many Hours Between 04:30 and 06:00?,783,true,true,true,9,25,#F5F3FB,
/en/hours-between-4-30-and-8-30/,en,en-hours-between,200,https://zeit-rechner.com/en/hours-between-4-30-and-8-30/,true,"index, follow, max-snippet:-1, max-image-preview:large",How Many Hours Between 04:30 and 08:30?,778,true,true,true,11,25,#F5F3FB,
/en/hours-between-4-30-and-9-30/,en,en-hours-between,200,https://zeit-rechner.com/en/hours-between-4-30-and-9-30/,true,"index, follow, max-snippet:-1, max-image-preview:large",How Many Hours Between 04:30 and 09:30?,415,true,true,true,12,25,#F5F3FB,
/en/hours-between-4-and-12/,en,en-hours-between,200,https://zeit-rechner.com/en/hours-between-4-and-12/,true,"index, follow, max-snippet:-1, max-image-preview:large",How Many Hours Between 04:00 and 12:00?,393,true,true,true,10,25,#F5F3FB,
/en/hours-between-4-and-14/,en,en-hours-between,200,https://zeit-rechner.com/en/hours-between-4-and-14/,true,"index, follow, max-snippet:-1, max-image-preview:large",How Many Hours Between 04:00 and 14:00?,441,true,true,true,11,25,#F5F3FB,
/en/hours-between-4-and-16/,en,en-hours-between,200,https://zeit-rechner.com/en/hours-between-4-and-16/,true,"index, follow, max-snippet:-1, max-image-preview:large",How Many Hours Between 04:00 and 16:00?,436,true,true,true,13,25,#F5F3FB,
/en/hours-between-4-and-4-30/,en,en-hours-between,200,https://zeit-rechner.com/en/hours-between-4-and-4-30/,true,"index, follow, max-snippet:-1, max-image-preview:large",How Many Hours Between 04:00 and 04:30?,784,true,true,true,9,25,#F5F3FB,
/en/hours-between-4-and-5-30/,en,en-hours-between,200,https://zeit-rechner.com/en/hours-between-4-and-5-30/,true,"index, follow, max-snippet:-1, max-image-preview:large",How Many Hours Between 04:00 and 05:30?,389,true,true,true,9,25,#F5F3FB,
/en/hours-between-4-and-5/,en,en-hours-between,200,https://zeit-rechner.com/en/hours-between-4-and-5/,true,"index, follow, max-snippet:-1, max-image-preview:large",How Many Hours Between 04:00 and 05:00?,397,true,true,true,13,25,#F5F3FB,
/en/hours-between-4-and-8/,en,en-hours-between,200,https://zeit-rechner.com/en/hours-between-4-and-8/,true,"index, follow, max-snippet:-1, max-image-preview:large",How Many Hours Between 04:00 and 08:00?,774,true,true,true,11,25,#F5F3FB,
/en/hours-between-4-and-9/,en,en-hours-between,200,https://zeit-rechner.com/en/hours-between-4-and-9/,true,"index, follow, max-snippet:-1, max-image-preview:large",How Many Hours Between 04:00 and 09:00?,415,true,true,true,11,25,#F5F3FB,
/en/hours-between-5-30-and-10-30/,en,en-hours-between,200,https://zeit-rechner.com/en/hours-between-5-30-and-10-30/,true,"index, follow, max-snippet:-1, max-image-preview:large",How Many Hours Between 05:30 and 10:30?,797,true,true,true,12,25,#F5F3FB,
/en/hours-between-5-30-and-11-30/,en,en-hours-between,200,https://zeit-rechner.com/en/hours-between-5-30-and-11-30/,true,"index, follow, max-snippet:-1, max-image-preview:large",How Many Hours Between 05:30 and 11:30?,408,true,true,true,10,25,#F5F3FB,
/en/hours-between-5-30-and-12-30/,en,en-hours-between,200,https://zeit-rechner.com/en/hours-between-5-30-and-12-30/,true,"index, follow, max-snippet:-1, max-image-preview:large",How Many Hours Between 05:30 and 12:30?,771,true,true,true,8,25,#F5F3FB,
/en/hours-between-5-30-and-13-30/,en,en-hours-between,200,https://zeit-rechner.com/en/hours-between-5-30-and-13-30/,true,"index, follow, max-snippet:-1, max-image-preview:large",How Many Hours Between 05:30 and 13:30?,418,true,true,true,15,24,#F5F3FB,
/en/hours-between-5-30-and-14-30/,en,en-hours-between,200,https://zeit-rechner.com/en/hours-between-5-30-and-14-30/,true,"index, follow, max-snippet:-1, max-image-preview:large",How Many Hours Between 05:30 and 14:30?,816,true,true,true,9,25,#F5F3FB,
/en/hours-between-5-30-and-14/,en,en-hours-between,200,https://zeit-rechner.com/en/hours-between-5-30-and-14/,true,"index, follow, max-snippet:-1, max-image-preview:large",How Many Hours Between 05:30 and 14:00?,792,true,true,true,11,25,#F5F3FB,
/en/hours-between-5-30-and-15-30/,en,en-hours-between,200,https://zeit-rechner.com/en/hours-between-5-30-and-15-30/,true,"index, follow, max-snippet:-1, max-image-preview:large",How Many Hours Between 05:30 and 15:30?,408,true,true,true,10,25,#F5F3FB,
/en/hours-between-5-30-and-17-30/,en,en-hours-between,200,https://zeit-rechner.com/en/hours-between-5-30-and-17-30/,true,"index, follow, max-snippet:-1, max-image-preview:large",How Many Hours Between 05:30 and 17:30?,409,true,true,true,10,25,#F5F3FB,
/en/hours-between-5-30-and-6-30/,en,en-hours-between,200,https://zeit-rechner.com/en/hours-between-5-30-and-6-30/,true,"index, follow, max-snippet:-1, max-image-preview:large",How Many Hours Between 05:30 and 06:30?,377,true,true,true,12,25,#F5F3FB,
/en/hours-between-5-30-and-6/,en,en-hours-between,200,https://zeit-rechner.com/en/hours-between-5-30-and-6/,true,"index, follow, max-snippet:-1, max-image-preview:large",How Many Hours Between 05:30 and 06:00?,346,true,true,true,9,25,#F5F3FB,
/en/hours-between-5-30-and-7/,en,en-hours-between,200,https://zeit-rechner.com/en/hours-between-5-30-and-7/,true,"index, follow, max-snippet:-1, max-image-preview:large",How Many Hours Between 05:30 and 07:00?,773,true,true,true,10,25,#F5F3FB,
/en/hours-between-5-30-and-8-30/,en,en-hours-between,200,https://zeit-rechner.com/en/hours-between-5-30-and-8-30/,true,"index, follow, max-snippet:-1, max-image-preview:large",How Many Hours Between 05:30 and 08:30?,357,true,true,true,9,25,#F5F3FB,
/en/hours-between-5-30-and-9-30/,en,en-hours-between,200,https://zeit-rechner.com/en/hours-between-5-30-and-9-30/,true,"index, follow, max-snippet:-1, max-image-preview:large",How Many Hours Between 05:30 and 09:30?,790,true,true,true,12,25,#F5F3FB,
/en/hours-between-5-and-10/,en,en-hours-between,200,https://zeit-rechner.com/en/hours-between-5-and-10/,true,"index, follow, max-snippet:-1, max-image-preview:large",How Many Hours Between 05:00 and 10:00?,775,true,true,true,12,25,#F5F3FB,
/en/hours-between-5-and-11/,en,en-hours-between,200,https://zeit-rechner.com/en/hours-between-5-and-11/,true,"index, follow, max-snippet:-1, max-image-preview:large",How Many Hours Between 05:00 and 11:00?,414,true,true,true,8,25,#F5F3FB,
/en/hours-between-5-and-12/,en,en-hours-between,200,https://zeit-rechner.com/en/hours-between-5-and-12/,true,"index, follow, max-snippet:-1, max-image-preview:large",How Many Hours Between 05:00 and 12:00?,787,true,true,true,7,25,#F5F3FB,
/en/hours-between-5-and-13-30/,en,en-hours-between,200,https://zeit-rechner.com/en/hours-between-5-and-13-30/,true,"index, follow, max-snippet:-1, max-image-preview:large",How Many Hours Between 05:00 and 13:30?,411,true,true,true,9,25,#F5F3FB,
/en/hours-between-5-and-13/,en,en-hours-between,200,https://zeit-rechner.com/en/hours-between-5-and-13/,true,"index, follow, max-snippet:-1, max-image-preview:large",How Many Hours Between 05:00 and 13:00?,394,true,true,true,14,25,#F5F3FB,
/en/hours-between-5-and-14/,en,en-hours-between,200,https://zeit-rechner.com/en/hours-between-5-and-14/,true,"index, follow, max-snippet:-1, max-image-preview:large",How Many Hours Between 05:00 and 14:00?,823,true,true,true,8,25,#F5F3FB,
/en/hours-between-5-and-15/,en,en-hours-between,200,https://zeit-rechner.com/en/hours-between-5-and-15/,true,"index, follow, max-snippet:-1, max-image-preview:large",How Many Hours Between 05:00 and 15:00?,413,true,true,true,11,25,#F5F3FB,
/en/hours-between-5-and-17/,en,en-hours-between,200,https://zeit-rechner.com/en/hours-between-5-and-17/,true,"index, follow, max-snippet:-1, max-image-preview:large",How Many Hours Between 05:00 and 17:00?,397,true,true,true,10,25,#F5F3FB,
/en/hours-between-5-and-5-30/,en,en-hours-between,200,https://zeit-rechner.com/en/hours-between-5-and-5-30/,true,"index, follow, max-snippet:-1, max-image-preview:large",How Many Hours Between 05:00 and 05:30?,772,true,true,true,9,25,#F5F3FB,
/en/hours-between-5-and-6-30/,en,en-hours-between,200,https://zeit-rechner.com/en/hours-between-5-and-6-30/,true,"index, follow, max-snippet:-1, max-image-preview:large",How Many Hours Between 05:00 and 06:30?,379,true,true,true,10,25,#F5F3FB,
/en/hours-between-5-and-6/,en,en-hours-between,200,https://zeit-rechner.com/en/hours-between-5-and-6/,true,"index, follow, max-snippet:-1, max-image-preview:large",How Many Hours Between 05:00 and 06:00?,339,true,true,true,14,25,#F5F3FB,
/en/hours-between-5-and-7-30/,en,en-hours-between,200,https://zeit-rechner.com/en/hours-between-5-and-7-30/,true,"index, follow, max-snippet:-1, max-image-preview:large",How Many Hours Between 05:00 and 07:30?,747,true,true,true,8,25,#F5F3FB,
/en/hours-between-5-and-7/,en,en-hours-between,200,https://zeit-rechner.com/en/hours-between-5-and-7/,true,"index, follow, max-snippet:-1, max-image-preview:large",How Many Hours Between 05:00 and 07:00?,750,true,true,true,8,25,#F5F3FB,
/en/hours-between-5-and-8/,en,en-hours-between,200,https://zeit-rechner.com/en/hours-between-5-and-8/,true,"index, follow, max-snippet:-1, max-image-preview:large",How Many Hours Between 05:00 and 08:00?,380,true,true,true,7,25,#F5F3FB,
/en/hours-between-5-and-9/,en,en-hours-between,200,https://zeit-rechner.com/en/hours-between-5-and-9/,true,"index, follow, max-snippet:-1, max-image-preview:large",How Many Hours Between 05:00 and 09:00?,784,true,true,true,12,25,#F5F3FB,
/en/hours-between-6-30-and-10-30/,en,en-hours-between,200,https://zeit-rechner.com/en/hours-between-6-30-and-10-30/,true,"index, follow, max-snippet:-1, max-image-preview:large",How Many Hours Between 06:30 and 10:30?,376,true,true,true,11,25,#F5F3FB,
/en/hours-between-6-30-and-11-30/,en,en-hours-between,200,https://zeit-rechner.com/en/hours-between-6-30-and-11-30/,true,"index, follow, max-snippet:-1, max-image-preview:large",How Many Hours Between 06:30 and 11:30?,742,true,true,true,11,25,#F5F3FB,
/en/hours-between-6-30-and-12-30/,en,en-hours-between,200,https://zeit-rechner.com/en/hours-between-6-30-and-12-30/,true,"index, follow, max-snippet:-1, max-image-preview:large",How Many Hours Between 06:30 and 12:30?,382,true,true,true,11,25,#F5F3FB,
/en/hours-between-6-30-and-13-30/,en,en-hours-between,200,https://zeit-rechner.com/en/hours-between-6-30-and-13-30/,true,"index, follow, max-snippet:-1, max-image-preview:large",How Many Hours Between 06:30 and 13:30?,755,true,true,true,10,25,#F5F3FB,
/en/hours-between-6-30-and-14-30/,en,en-hours-between,200,https://zeit-rechner.com/en/hours-between-6-30-and-14-30/,true,"index, follow, max-snippet:-1, max-image-preview:large",How Many Hours Between 06:30 and 14:30?,375,true,true,true,11,24,#F5F3FB,
/en/hours-between-6-30-and-15-30/,en,en-hours-between,200,https://zeit-rechner.com/en/hours-between-6-30-and-15-30/,true,"index, follow, max-snippet:-1, max-image-preview:large",How Many Hours Between 06:30 and 15:30?,792,true,true,true,9,24,#F5F3FB,
/en/hours-between-6-30-and-15/,en,en-hours-between,200,https://zeit-rechner.com/en/hours-between-6-30-and-15/,true,"index, follow, max-snippet:-1, max-image-preview:large",How Many Hours Between 06:30 and 15:00?,769,true,true,true,11,24,#F5F3FB,
/en/hours-between-6-30-and-16-30/,en,en-hours-between,200,https://zeit-rechner.com/en/hours-between-6-30-and-16-30/,true,"index, follow, max-snippet:-1, max-image-preview:large",How Many Hours Between 06:30 and 16:30?,376,true,true,true,10,25,#F5F3FB,
/en/hours-between-6-30-and-18-30/,en,en-hours-between,200,https://zeit-rechner.com/en/hours-between-6-30-and-18-30/,true,"index, follow, max-snippet:-1, max-image-preview:large",How Many Hours Between 06:30 and 18:30?,354,true,true,true,10,25,#F5F3FB,
/en/hours-between-6-30-and-7-30/,en,en-hours-between,200,https://zeit-rechner.com/en/hours-between-6-30-and-7-30/,true,"index, follow, max-snippet:-1, max-image-preview:large",How Many Hours Between 06:30 and 07:30?,329,true,true,true,12,25,#F5F3FB,
/en/hours-between-6-30-and-7/,en,en-hours-between,200,https://zeit-rechner.com/en/hours-between-6-30-and-7/,true,"index, follow, max-snippet:-1, max-image-preview:large",How Many Hours Between 06:30 and 07:00?,325,true,true,true,9,25,#F5F3FB,
/en/hours-between-6-30-and-8-30/,en,en-hours-between,200,https://zeit-rechner.com/en/hours-between-6-30-and-8-30/,true,"index, follow, max-snippet:-1, max-image-preview:large",How Many Hours Between 06:30 and 08:30?,732,true,true,true,11,25,#F5F3FB,
/en/hours-between-6-30-and-8/,en,en-hours-between,200,https://zeit-rechner.com/en/hours-between-6-30-and-8/,true,"index, follow, max-snippet:-1, max-image-preview:large",How Many Hours Between 06:30 and 08:00?,737,true,true,true,11,25,#F5F3FB,
/en/hours-between-6-30-and-9-30/,en,en-hours-between,200,https://zeit-rechner.com/en/hours-between-6-30-and-9-30/,true,"index, follow, max-snippet:-1, max-image-preview:large",How Many Hours Between 06:30 and 09:30?,326,true,true,true,12,25,#F5F3FB,
/en/hours-between-6-30-and-9/,en,en-hours-between,200,https://zeit-rechner.com/en/hours-between-6-30-and-9/,true,"index, follow, max-snippet:-1, max-image-preview:large",How Many Hours Between 06:30 and 09:00?,347,true,true,true,14,25,#F5F3FB,
/en/hours-between-6-and-10/,en,en-hours-between,200,https://zeit-rechner.com/en/hours-between-6-and-10/,true,"index, follow, max-snippet:-1, max-image-preview:large",How Many Hours Between 06:00 and 10:00?,365,true,true,true,11,25,#F5F3FB,
/en/hours-between-6-and-11/,en,en-hours-between,200,https://zeit-rechner.com/en/hours-between-6-and-11/,true,"index, follow, max-snippet:-1, max-image-preview:large",How Many Hours Between 06:00 and 11:00?,757,true,true,true,11,25,#F5F3FB,
/en/hours-between-6-and-12/,en,en-hours-between,200,https://zeit-rechner.com/en/hours-between-6-and-12/,true,"index, follow, max-snippet:-1, max-image-preview:large",How Many Hours Between 06:00 and 12:00?,383,true,true,true,10,25,#F5F3FB,
/en/hours-between-6-and-13/,en,en-hours-between,200,https://zeit-rechner.com/en/hours-between-6-and-13/,true,"index, follow, max-snippet:-1, max-image-preview:large",How Many Hours Between 06:00 and 13:00?,750,true,true,true,9,25,#F5F3FB,
/en/hours-between-6-and-14-30/,en,en-hours-between,200,https://zeit-rechner.com/en/hours-between-6-and-14-30/,true,"index, follow, max-snippet:-1, max-image-preview:large",How Many Hours Between 06:00 and 14:30?,379,true,true,true,12,25,#F5F3FB,
/en/hours-between-6-and-14/,en,en-hours-between,200,https://zeit-rechner.com/en/hours-between-6-and-14/,true,"index, follow, max-snippet:-1, max-image-preview:large",How Many Hours Between 06:00 and 14:00?,382,true,true,true,16,24,#F5F3FB,
/en/hours-between-6-and-15/,en,en-hours-between,200,https://zeit-rechner.com/en/hours-between-6-and-15/,true,"index, follow, max-snippet:-1, max-image-preview:large",How Many Hours Between 06:00 and 15:00?,780,true,true,true,9,25,#F5F3FB,
/en/hours-between-6-and-16/,en,en-hours-between,200,https://zeit-rechner.com/en/hours-between-6-and-16/,true,"index, follow, max-snippet:-1, max-image-preview:large",How Many Hours Between 06:00 and 16:00?,394,true,true,true,10,25,#F5F3FB,
/en/hours-between-6-and-18/,en,en-hours-between,200,https://zeit-rechner.com/en/hours-between-6-and-18/,true,"index, follow, max-snippet:-1, max-image-preview:large",How Many Hours Between 06:00 and 18:00?,366,true,true,true,10,25,#F5F3FB,
/en/hours-between-6-and-6-30/,en,en-hours-between,200,https://zeit-rechner.com/en/hours-between-6-and-6-30/,true,"index, follow, max-snippet:-1, max-image-preview:large",How Many Hours Between 06:00 and 06:30?,725,true,true,true,9,25,#F5F3FB,
/en/hours-between-6-and-7-30/,en,en-hours-between,200,https://zeit-rechner.com/en/hours-between-6-and-7-30/,true,"index, follow, max-snippet:-1, max-image-preview:large",How Many Hours Between 06:00 and 07:30?,341,true,true,true,10,25,#F5F3FB,
/en/hours-between-6-and-7/,en,en-hours-between,200,https://zeit-rechner.com/en/hours-between-6-and-7/,true,"index, follow, max-snippet:-1, max-image-preview:large",How Many Hours Between 06:00 and 07:00?,330,true,true,true,12,25,#F5F3FB,
/en/hours-between-6-and-8-30/,en,en-hours-between,200,https://zeit-rechner.com/en/hours-between-6-and-8-30/,true,"index, follow, max-snippet:-1, max-image-preview:large",How Many Hours Between 06:00 and 08:30?,726,true,true,true,12,25,#F5F3FB,
/en/hours-between-6-and-8/,en,en-hours-between,200,https://zeit-rechner.com/en/hours-between-6-and-8/,true,"index, follow, max-snippet:-1, max-image-preview:large",How Many Hours Between 06:00 and 08:00?,728,true,true,true,10,25,#F5F3FB,
/en/hours-between-6-and-9/,en,en-hours-between,200,https://zeit-rechner.com/en/hours-between-6-and-9/,true,"index, follow, max-snippet:-1, max-image-preview:large",How Many Hours Between 06:00 and 09:00?,325,true,true,true,11,25,#F5F3FB,
/en/hours-between-7-30-and-10-30/,en,en-hours-between,200,https://zeit-rechner.com/en/hours-between-7-30-and-10-30/,true,"index, follow, max-snippet:-1, max-image-preview:large",How Many Hours Between 07:30 and 10:30?,707,true,true,true,10,25,#F5F3FB,
/en/hours-between-7-30-and-10/,en,en-hours-between,200,https://zeit-rechner.com/en/hours-between-7-30-and-10/,true,"index, follow, max-snippet:-1, max-image-preview:large",How Many Hours Between 07:30 and 10:00?,726,true,true,true,11,25,#F5F3FB,
/en/hours-between-7-30-and-11-30/,en,en-hours-between,200,https://zeit-rechner.com/en/hours-between-7-30-and-11-30/,true,"index, follow, max-snippet:-1, max-image-preview:large",How Many Hours Between 07:30 and 11:30?,382,true,true,true,11,25,#F5F3FB,
/en/hours-between-7-30-and-12-30/,en,en-hours-between,200,https://zeit-rechner.com/en/hours-between-7-30-and-12-30/,true,"index, follow, max-snippet:-1, max-image-preview:large",How Many Hours Between 07:30 and 12:30?,758,true,true,true,11,25,#F5F3FB,
/en/hours-between-7-30-and-13-30/,en,en-hours-between,200,https://zeit-rechner.com/en/hours-between-7-30-and-13-30/,true,"index, follow, max-snippet:-1, max-image-preview:large",How Many Hours Between 07:30 and 13:30?,371,true,true,true,11,25,#F5F3FB,
/en/hours-between-7-30-and-14-30/,en,en-hours-between,200,https://zeit-rechner.com/en/hours-between-7-30-and-14-30/,true,"index, follow, max-snippet:-1, max-image-preview:large",How Many Hours Between 07:30 and 14:30?,756,true,true,true,10,25,#F5F3FB,
/en/hours-between-7-30-and-15-30/,en,en-hours-between,200,https://zeit-rechner.com/en/hours-between-7-30-and-15-30/,true,"index, follow, max-snippet:-1, max-image-preview:large",How Many Hours Between 07:30 and 15:30?,382,true,true,true,14,23,#F5F3FB,
/en/hours-between-7-30-and-16-30/,en,en-hours-between,200,https://zeit-rechner.com/en/hours-between-7-30-and-16-30/,true,"index, follow, max-snippet:-1, max-image-preview:large",How Many Hours Between 07:30 and 16:30?,791,true,true,true,10,24,#F5F3FB,
/en/hours-between-7-30-and-16/,en,en-hours-between,200,https://zeit-rechner.com/en/hours-between-7-30-and-16/,true,"index, follow, max-snippet:-1, max-image-preview:large",How Many Hours Between 07:30 and 16:00?,766,true,true,true,14,24,#F5F3FB,
/en/hours-between-7-30-and-17-30/,en,en-hours-between,200,https://zeit-rechner.com/en/hours-between-7-30-and-17-30/,true,"index, follow, max-snippet:-1, max-image-preview:large",How Many Hours Between 07:30 and 17:30?,372,true,true,true,9,25,#F5F3FB,
/en/hours-between-7-30-and-19-30/,en,en-hours-between,200,https://zeit-rechner.com/en/hours-between-7-30-and-19-30/,true,"index, follow, max-snippet:-1, max-image-preview:large",How Many Hours Between 07:30 and 19:30?,391,true,true,true,10,25,#F5F3FB,
/en/hours-between-7-30-and-8-30/,en,en-hours-between,200,https://zeit-rechner.com/en/hours-between-7-30-and-8-30/,true,"index, follow, max-snippet:-1, max-image-preview:large",How Many Hours Between 07:30 and 08:30?,340,true,true,true,12,25,#F5F3FB,
/en/hours-between-7-30-and-8/,en,en-hours-between,200,https://zeit-rechner.com/en/hours-between-7-30-and-8/,true,"index, follow, max-snippet:-1, max-image-preview:large",How Many Hours Between 07:30 and 08:00?,325,true,true,true,9,25,#F5F3FB,
/en/hours-between-7-30-and-9-30/,en,en-hours-between,200,https://zeit-rechner.com/en/hours-between-7-30-and-9-30/,true,"index, follow, max-snippet:-1, max-image-preview:large",How Many Hours Between 07:30 and 09:30?,723,true,true,true,10,25,#F5F3FB,
/en/hours-between-7-30-and-9/,en,en-hours-between,200,https://zeit-rechner.com/en/hours-between-7-30-and-9/,true,"index, follow, max-snippet:-1, max-image-preview:large",How Many Hours Between 07:30 and 09:00?,715,true,true,true,10,25,#F5F3FB,
/en/hours-between-7-and-10/,en,en-hours-between,200,https://zeit-rechner.com/en/hours-between-7-and-10/,true,"index, follow, max-snippet:-1, max-image-preview:large",How Many Hours Between 07:00 and 10:00?,719,true,true,true,12,25,#F5F3FB,
/en/hours-between-7-and-11/,en,en-hours-between,200,https://zeit-rechner.com/en/hours-between-7-and-11/,true,"index, follow, max-snippet:-1, max-image-preview:large",How Many Hours Between 07:00 and 11:00?,371,true,true,true,12,25,#F5F3FB,
/en/hours-between-7-and-12/,en,en-hours-between,200,https://zeit-rechner.com/en/hours-between-7-and-12/,true,"index, follow, max-snippet:-1, max-image-preview:large",How Many Hours Between 07:00 and 12:00?,742,true,true,true,12,25,#F5F3FB,
/en/hours-between-7-and-13/,en,en-hours-between,200,https://zeit-rechner.com/en/hours-between-7-and-13/,true,"index, follow, max-snippet:-1, max-image-preview:large",How Many Hours Between 07:00 and 13:00?,383,true,true,true,12,25,#F5F3FB,
/en/hours-between-7-and-14/,en,en-hours-between,200,https://zeit-rechner.com/en/hours-between-7-and-14/,true,"index, follow, max-snippet:-1, max-image-preview:large",How Many Hours Between 07:00 and 14:00?,761,true,true,true,11,24,#F5F3FB,
/en/hours-between-7-and-15-30/,en,en-hours-between,200,https://zeit-rechner.com/en/hours-between-7-and-15-30/,true,"index, follow, max-snippet:-1, max-image-preview:large",How Many Hours Between 07:00 and 15:30?,387,true,true,true,11,24,#F5F3FB,
/en/hours-between-7-and-15/,en,en-hours-between,200,https://zeit-rechner.com/en/hours-between-7-and-15/,true,"index, follow, max-snippet:-1, max-image-preview:large",How Many Hours Between 07:00 and 15:00?,376,true,true,true,658,24,#F5F3FB,
/en/hours-between-7-and-16/,en,en-hours-between,200,https://zeit-rechner.com/en/hours-between-7-and-16/,true,"index, follow, max-snippet:-1, max-image-preview:large",How Many Hours Between 07:00 and 16:00?,786,true,true,true,11,24,#F5F3FB,
/en/hours-between-7-and-17/,en,en-hours-between,200,https://zeit-rechner.com/en/hours-between-7-and-17/,true,"index, follow, max-snippet:-1, max-image-preview:large",How Many Hours Between 07:00 and 17:00?,380,true,true,true,10,25,#F5F3FB,
/en/hours-between-7-and-19/,en,en-hours-between,200,https://zeit-rechner.com/en/hours-between-7-and-19/,true,"index, follow, max-snippet:-1, max-image-preview:large",How Many Hours Between 07:00 and 19:00?,373,true,true,true,11,25,#F5F3FB,
/en/hours-between-7-and-7-30/,en,en-hours-between,200,https://zeit-rechner.com/en/hours-between-7-and-7-30/,true,"index, follow, max-snippet:-1, max-image-preview:large",How Many Hours Between 07:00 and 07:30?,725,true,true,true,10,25,#F5F3FB,
/en/hours-between-7-and-8-30/,en,en-hours-between,200,https://zeit-rechner.com/en/hours-between-7-and-8-30/,true,"index, follow, max-snippet:-1, max-image-preview:large",How Many Hours Between 07:00 and 08:30?,351,true,true,true,11,25,#F5F3FB,
/en/hours-between-7-and-8/,en,en-hours-between,200,https://zeit-rechner.com/en/hours-between-7-and-8/,true,"index, follow, max-snippet:-1, max-image-preview:large",How Many Hours Between 07:00 and 08:00?,329,true,true,true,13,25,#F5F3FB,
/en/hours-between-7-and-9-30/,en,en-hours-between,200,https://zeit-rechner.com/en/hours-between-7-and-9-30/,true,"index, follow, max-snippet:-1, max-image-preview:large",How Many Hours Between 07:00 and 09:30?,716,true,true,true,12,25,#F5F3FB,
/en/hours-between-7-and-9/,en,en-hours-between,200,https://zeit-rechner.com/en/hours-between-7-and-9/,true,"index, follow, max-snippet:-1, max-image-preview:large",How Many Hours Between 07:00 and 09:00?,730,true,true,true,11,25,#F5F3FB,
/en/hours-between-8-30-and-10-30/,en,en-hours-between,200,https://zeit-rechner.com/en/hours-between-8-30-and-10-30/,true,"index, follow, max-snippet:-1, max-image-preview:large",How Many Hours Between 08:30 and 10:30?,340,true,true,true,10,25,#F5F3FB,
/en/hours-between-8-30-and-10/,en,en-hours-between,200,https://zeit-rechner.com/en/hours-between-8-30-and-10/,true,"index, follow, max-snippet:-1, max-image-preview:large",How Many Hours Between 08:30 and 10:00?,341,true,true,true,10,25,#F5F3FB,
/en/hours-between-8-30-and-11-30/,en,en-hours-between,200,https://zeit-rechner.com/en/hours-between-8-30-and-11-30/,true,"index, follow, max-snippet:-1, max-image-preview:large",How Many Hours Between 08:30 and 11:30?,723,true,true,true,10,24,#F5F3FB,
/en/hours-between-8-30-and-11/,en,en-hours-between,200,https://zeit-rechner.com/en/hours-between-8-30-and-11/,true,"index, follow, max-snippet:-1, max-image-preview:large",How Many Hours Between 08:30 and 11:00?,721,true,true,true,11,25,#F5F3FB,
/en/hours-between-8-30-and-12-30/,en,en-hours-between,200,https://zeit-rechner.com/en/hours-between-8-30-and-12-30/,true,"index, follow, max-snippet:-1, max-image-preview:large",How Many Hours Between 08:30 and 12:30?,371,true,true,true,10,25,#F5F3FB,
/en/hours-between-8-30-and-13-30/,en,en-hours-between,200,https://zeit-rechner.com/en/hours-between-8-30-and-13-30/,true,"index, follow, max-snippet:-1, max-image-preview:large",How Many Hours Between 08:30 and 13:30?,759,true,true,true,10,25,#F5F3FB,
/en/hours-between-8-30-and-14-30/,en,en-hours-between,200,https://zeit-rechner.com/en/hours-between-8-30-and-14-30/,true,"index, follow, max-snippet:-1, max-image-preview:large",How Many Hours Between 08:30 and 14:30?,371,true,true,true,10,25,#F5F3FB,
/en/hours-between-8-30-and-15-30/,en,en-hours-between,200,https://zeit-rechner.com/en/hours-between-8-30-and-15-30/,true,"index, follow, max-snippet:-1, max-image-preview:large",How Many Hours Between 08:30 and 15:30?,770,true,true,true,9,25,#F5F3FB,
/en/hours-between-8-30-and-16-30/,en,en-hours-between,200,https://zeit-rechner.com/en/hours-between-8-30-and-16-30/,true,"index, follow, max-snippet:-1, max-image-preview:large",How Many Hours Between 08:30 and 16:30?,372,true,true,true,9,23,#F5F3FB,
/en/hours-between-8-30-and-17-30/,en,en-hours-between,200,https://zeit-rechner.com/en/hours-between-8-30-and-17-30/,true,"index, follow, max-snippet:-1, max-image-preview:large",How Many Hours Between 08:30 and 17:30?,816,true,true,true,13,24,#F5F3FB,
/en/hours-between-8-30-and-17/,en,en-hours-between,200,https://zeit-rechner.com/en/hours-between-8-30-and-17/,true,"index, follow, max-snippet:-1, max-image-preview:large",How Many Hours Between 08:30 and 17:00?,789,true,true,true,15,24,#F5F3FB,
/en/hours-between-8-30-and-18-30/,en,en-hours-between,200,https://zeit-rechner.com/en/hours-between-8-30-and-18-30/,true,"index, follow, max-snippet:-1, max-image-preview:large",How Many Hours Between 08:30 and 18:30?,398,true,true,true,9,25,#F5F3FB,
/en/hours-between-8-30-and-20-30/,en,en-hours-between,200,https://zeit-rechner.com/en/hours-between-8-30-and-20-30/,true,"index, follow, max-snippet:-1, max-image-preview:large",How Many Hours Between 08:30 and 20:30?,757,true,true,true,10,25,#F5F3FB,
/en/hours-between-8-30-and-9-30/,en,en-hours-between,200,https://zeit-rechner.com/en/hours-between-8-30-and-9-30/,true,"index, follow, max-snippet:-1, max-image-preview:large",How Many Hours Between 08:30 and 09:30?,341,true,true,true,12,25,#F5F3FB,
/en/hours-between-8-30-and-9/,en,en-hours-between,200,https://zeit-rechner.com/en/hours-between-8-30-and-9/,true,"index, follow, max-snippet:-1, max-image-preview:large",How Many Hours Between 08:30 and 09:00?,341,true,true,true,9,25,#F5F3FB,
/en/hours-between-8-and-10-30/,en,en-hours-between,200,https://zeit-rechner.com/en/hours-between-8-and-10-30/,true,"index, follow, max-snippet:-1, max-image-preview:large",How Many Hours Between 08:00 and 10:30?,342,true,true,true,11,25,#F5F3FB,
/en/hours-between-8-and-10/,en,en-hours-between,200,https://zeit-rechner.com/en/hours-between-8-and-10/,true,"index, follow, max-snippet:-1, max-image-preview:large",How Many Hours Between 08:00 and 10:00?,345,true,true,true,10,25,#F5F3FB,
/en/hours-between-8-and-11/,en,en-hours-between,200,https://zeit-rechner.com/en/hours-between-8-and-11/,true,"index, follow, max-snippet:-1, max-image-preview:large",How Many Hours Between 08:00 and 11:00?,723,true,true,true,9,24,#F5F3FB,
/en/hours-between-8-and-12/,en,en-hours-between,200,https://zeit-rechner.com/en/hours-between-8-and-12/,true,"index, follow, max-snippet:-1, max-image-preview:large",How Many Hours Between 08:00 and 12:00?,365,true,true,true,11,25,#F5F3FB,
/en/hours-between-8-and-13/,en,en-hours-between,200,https://zeit-rechner.com/en/hours-between-8-and-13/,true,"index, follow, max-snippet:-1, max-image-preview:large",How Many Hours Between 08:00 and 13:00?,758,true,true,true,10,25,#F5F3FB,
/en/hours-between-8-and-14/,en,en-hours-between,200,https://zeit-rechner.com/en/hours-between-8-and-14/,true,"index, follow, max-snippet:-1, max-image-preview:large",How Many Hours Between 08:00 and 14:00?,382,true,true,true,10,25,#F5F3FB,
/en/hours-between-8-and-15/,en,en-hours-between,200,https://zeit-rechner.com/en/hours-between-8-and-15/,true,"index, follow, max-snippet:-1, max-image-preview:large",How Many Hours Between 08:00 and 15:00?,773,true,true,true,10,25,#F5F3FB,
/en/hours-between-8-and-16-30/,en,en-hours-between,200,https://zeit-rechner.com/en/hours-between-8-and-16-30/,true,"index, follow, max-snippet:-1, max-image-preview:large",How Many Hours Between 08:00 and 16:30?,401,true,true,true,10,24,#F5F3FB,
/en/hours-between-8-and-16/,en,en-hours-between,200,https://zeit-rechner.com/en/hours-between-8-and-16/,true,"index, follow, max-snippet:-1, max-image-preview:large",How Many Hours Between 08:00 and 16:00?,405,true,true,true,14,23,#F5F3FB,
/en/hours-between-8-and-17/,en,en-hours-between,200,https://zeit-rechner.com/en/hours-between-8-and-17/,true,"index, follow, max-snippet:-1, max-image-preview:large",How Many Hours Between 08:00 and 17:00?,807,true,true,true,658,24,#F5F3FB,
/en/hours-between-8-and-18/,en,en-hours-between,200,https://zeit-rechner.com/en/hours-between-8-and-18/,true,"index, follow, max-snippet:-1, max-image-preview:large",How Many Hours Between 08:00 and 18:00?,387,true,true,true,9,24,#F5F3FB,
/en/hours-between-8-and-20/,en,en-hours-between,200,https://zeit-rechner.com/en/hours-between-8-and-20/,true,"index, follow, max-snippet:-1, max-image-preview:large",How Many Hours Between 08:00 and 20:00?,772,true,true,true,10,25,#F5F3FB,
/en/hours-between-8-and-8-30/,en,en-hours-between,200,https://zeit-rechner.com/en/hours-between-8-and-8-30/,true,"index, follow, max-snippet:-1, max-image-preview:large",How Many Hours Between 08:00 and 08:30?,715,true,true,true,9,25,#F5F3FB,
/en/hours-between-8-and-9-30/,en,en-hours-between,200,https://zeit-rechner.com/en/hours-between-8-and-9-30/,true,"index, follow, max-snippet:-1, max-image-preview:large",How Many Hours Between 08:00 and 09:30?,325,true,true,true,10,25,#F5F3FB,
/en/hours-between-8-and-9/,en,en-hours-between,200,https://zeit-rechner.com/en/hours-between-8-and-9/,true,"index, follow, max-snippet:-1, max-image-preview:large",How Many Hours Between 08:00 and 09:00?,340,true,true,true,12,25,#F5F3FB,
/en/hours-between-9-30-and-10-30/,en,en-hours-between,200,https://zeit-rechner.com/en/hours-between-9-30-and-10-30/,true,"index, follow, max-snippet:-1, max-image-preview:large",How Many Hours Between 09:30 and 10:30?,714,true,true,true,12,25,#F5F3FB,
/en/hours-between-9-30-and-10/,en,en-hours-between,200,https://zeit-rechner.com/en/hours-between-9-30-and-10/,true,"index, follow, max-snippet:-1, max-image-preview:large",How Many Hours Between 09:30 and 10:00?,713,true,true,true,9,25,#F5F3FB,
/en/hours-between-9-30-and-11-30/,en,en-hours-between,200,https://zeit-rechner.com/en/hours-between-9-30-and-11-30/,true,"index, follow, max-snippet:-1, max-image-preview:large",How Many Hours Between 09:30 and 11:30?,329,true,true,true,9,25,#F5F3FB,
/en/hours-between-9-30-and-11/,en,en-hours-between,200,https://zeit-rechner.com/en/hours-between-9-30-and-11/,true,"index, follow, max-snippet:-1, max-image-preview:large",How Many Hours Between 09:30 and 11:00?,347,true,true,true,10,25,#F5F3FB,
/en/hours-between-9-30-and-12-30/,en,en-hours-between,200,https://zeit-rechner.com/en/hours-between-9-30-and-12-30/,true,"index, follow, max-snippet:-1, max-image-preview:large",How Many Hours Between 09:30 and 12:30?,733,true,true,true,10,24,#F5F3FB,
/en/hours-between-9-30-and-12/,en,en-hours-between,200,https://zeit-rechner.com/en/hours-between-9-30-and-12/,true,"index, follow, max-snippet:-1, max-image-preview:large",How Many Hours Between 09:30 and 12:00?,737,true,true,true,11,25,#F5F3FB,
/en/hours-between-9-30-and-13-30/,en,en-hours-between,200,https://zeit-rechner.com/en/hours-between-9-30-and-13-30/,true,"index, follow, max-snippet:-1, max-image-preview:large",How Many Hours Between 09:30 and 13:30?,371,true,true,true,10,25,#F5F3FB,
/en/hours-between-9-30-and-14-30/,en,en-hours-between,200,https://zeit-rechner.com/en/hours-between-9-30-and-14-30/,true,"index, follow, max-snippet:-1, max-image-preview:large",How Many Hours Between 09:30 and 14:30?,754,true,true,true,10,25,#F5F3FB,
/en/hours-between-9-30-and-15-30/,en,en-hours-between,200,https://zeit-rechner.com/en/hours-between-9-30-and-15-30/,true,"index, follow, max-snippet:-1, max-image-preview:large",How Many Hours Between 09:30 and 15:30?,376,true,true,true,9,25,#F5F3FB,
/en/hours-between-9-30-and-16-30/,en,en-hours-between,200,https://zeit-rechner.com/en/hours-between-9-30-and-16-30/,true,"index, follow, max-snippet:-1, max-image-preview:large",How Many Hours Between 09:30 and 16:30?,765,true,true,true,8,25,#F5F3FB,
/en/hours-between-9-30-and-17-30/,en,en-hours-between,200,https://zeit-rechner.com/en/hours-between-9-30-and-17-30/,true,"index, follow, max-snippet:-1, max-image-preview:large",How Many Hours Between 09:30 and 17:30?,398,true,true,true,9,23,#F5F3FB,
/en/hours-between-9-30-and-18-30/,en,en-hours-between,200,https://zeit-rechner.com/en/hours-between-9-30-and-18-30/,true,"index, follow, max-snippet:-1, max-image-preview:large",How Many Hours Between 09:30 and 18:30?,799,true,true,true,13,24,#F5F3FB,
/en/hours-between-9-30-and-18/,en,en-hours-between,200,https://zeit-rechner.com/en/hours-between-9-30-and-18/,true,"index, follow, max-snippet:-1, max-image-preview:large",How Many Hours Between 09:30 and 18:00?,759,true,true,true,13,24,#F5F3FB,
/en/hours-between-9-30-and-19-30/,en,en-hours-between,200,https://zeit-rechner.com/en/hours-between-9-30-and-19-30/,true,"index, follow, max-snippet:-1, max-image-preview:large",How Many Hours Between 09:30 and 19:30?,372,true,true,true,9,25,#F5F3FB,
/en/hours-between-9-30-and-21-30/,en,en-hours-between,200,https://zeit-rechner.com/en/hours-between-9-30-and-21-30/,true,"index, follow, max-snippet:-1, max-image-preview:large",How Many Hours Between 09:30 and 21:30?,756,true,true,true,10,25,#F5F3FB,
/en/hours-between-9-and-10-30/,en,en-hours-between,200,https://zeit-rechner.com/en/hours-between-9-and-10-30/,true,"index, follow, max-snippet:-1, max-image-preview:large",How Many Hours Between 09:00 and 10:30?,725,true,true,true,10,25,#F5F3FB,
/en/hours-between-9-and-10/,en,en-hours-between,200,https://zeit-rechner.com/en/hours-between-9-and-10/,true,"index, follow, max-snippet:-1, max-image-preview:large",How Many Hours Between 09:00 and 10:00?,717,true,true,true,12,25,#F5F3FB,
/en/hours-between-9-and-11-30/,en,en-hours-between,200,https://zeit-rechner.com/en/hours-between-9-and-11-30/,true,"index, follow, max-snippet:-1, max-image-preview:large",How Many Hours Between 09:00 and 11:30?,341,true,true,true,11,24,#F5F3FB,
/en/hours-between-9-and-11/,en,en-hours-between,200,https://zeit-rechner.com/en/hours-between-9-and-11/,true,"index, follow, max-snippet:-1, max-image-preview:large",How Many Hours Between 09:00 and 11:00?,341,true,true,true,10,25,#F5F3FB,
/en/hours-between-9-and-12/,en,en-hours-between,200,https://zeit-rechner.com/en/hours-between-9-and-12/,true,"index, follow, max-snippet:-1, max-image-preview:large",How Many Hours Between 09:00 and 12:00?,718,true,true,true,658,24,#F5F3FB,
/en/hours-between-9-and-13/,en,en-hours-between,200,https://zeit-rechner.com/en/hours-between-9-and-13/,true,"index, follow, max-snippet:-1, max-image-preview:large",How Many Hours Between 09:00 and 13:00?,371,true,true,true,10,24,#F5F3FB,
/en/hours-between-9-and-14/,en,en-hours-between,200,https://zeit-rechner.com/en/hours-between-9-and-14/,true,"index, follow, max-snippet:-1, max-image-preview:large",How Many Hours Between 09:00 and 14:00?,744,true,true,true,10,25,#F5F3FB,
/en/hours-between-9-and-15/,en,en-hours-between,200,https://zeit-rechner.com/en/hours-between-9-and-15/,true,"index, follow, max-snippet:-1, max-image-preview:large",How Many Hours Between 09:00 and 15:00?,382,true,true,true,9,25,#F5F3FB,
/en/hours-between-9-and-16/,en,en-hours-between,200,https://zeit-rechner.com/en/hours-between-9-and-16/,true,"index, follow, max-snippet:-1, max-image-preview:large",How Many Hours Between 09:00 and 16:00?,768,true,true,true,9,24,#F5F3FB,
/en/hours-between-9-and-17-30/,en,en-hours-between,200,https://zeit-rechner.com/en/hours-between-9-and-17-30/,true,"index, follow, max-snippet:-1, max-image-preview:large",How Many Hours Between 09:00 and 17:30?,401,true,true,true,13,24,#F5F3FB,
/en/hours-between-9-and-17/,en,en-hours-between,200,https://zeit-rechner.com/en/hours-between-9-and-17/,true,"index, follow, max-snippet:-1, max-image-preview:large",How Many Hours Between 09:00 and 17:00?,392,true,true,true,658,23,#F5F3FB,
/en/hours-between-9-and-18/,en,en-hours-between,200,https://zeit-rechner.com/en/hours-between-9-and-18/,true,"index, follow, max-snippet:-1, max-image-preview:large",How Many Hours Between 09:00 and 18:00?,821,true,true,true,13,24,#F5F3FB,
/en/hours-between-9-and-19/,en,en-hours-between,200,https://zeit-rechner.com/en/hours-between-9-and-19/,true,"index, follow, max-snippet:-1, max-image-preview:large",How Many Hours Between 09:00 and 19:00?,380,true,true,true,9,25,#F5F3FB,
/en/hours-between-9-and-21/,en,en-hours-between,200,https://zeit-rechner.com/en/hours-between-9-and-21/,true,"index, follow, max-snippet:-1, max-image-preview:large",How Many Hours Between 09:00 and 21:00?,750,true,true,true,10,25,#F5F3FB,
/en/hours-between-9-and-9-30/,en,en-hours-between,200,https://zeit-rechner.com/en/hours-between-9-and-9-30/,true,"index, follow, max-snippet:-1, max-image-preview:large",How Many Hours Between 09:00 and 09:30?,717,true,true,true,9,25,#F5F3FB,
/en/imprint/,en,static,200,https://zeit-rechner.com/en/imprint/,true,"index, follow, max-snippet:-1, max-image-preview:large",Imprint,119,false,true,false,657,15,#F5F3FB,22 August 2026
/en/privacy-policy/,en,static,200,https://zeit-rechner.com/en/privacy-policy/,true,"index, follow, max-snippet:-1, max-image-preview:large",Privacy Policy,264,false,true,false,657,15,#F5F3FB,22 August 2026
/en/shifts/8-stunden/,en,en-shifts-hub,200,https://zeit-rechner.com/en/shifts/8-stunden/,true,"index, follow, max-snippet:-1, max-image-preview:large",8-Hour Shifts,181,false,true,false,3,54,#F5F3FB,
/en/shifts/ab-07-uhr/,en,en-shifts-hub,200,https://zeit-rechner.com/en/shifts/ab-07-uhr/,true,"index, follow, max-snippet:-1, max-image-preview:large",Shifts starting at 07:00,83,false,true,false,3,31,#F5F3FB,
/en/shifts/nachtschichten/,en,en-shifts-hub,200,https://zeit-rechner.com/en/shifts/nachtschichten/,true,"index, follow, max-snippet:-1, max-image-preview:large",Night Shifts,178,false,true,false,3,57,#F5F3FB,
/en/shifts/teilzeit/,en,en-shifts-hub,200,https://zeit-rechner.com/en/shifts/teilzeit/,true,"index, follow, max-snippet:-1, max-image-preview:large",Part-Time (4–6 hours),183,false,true,false,3,57,#F5F3FB,
/en/terms-of-service/,en,static,200,https://zeit-rechner.com/en/terms-of-service/,true,"index, follow, max-snippet:-1, max-image-preview:large",Terms of Service,216,false,true,false,657,15,#F5F3FB,22 August 2026
/gleitzeitkonto/,de,tool,200,https://zeit-rechner.com/gleitzeitkonto/,true,"index, follow, max-snippet:-1, max-image-preview:large",Gleitzeitkonto-Rechner,536,true,true,false,2,18,#F5F3FB,
/impressum/,de,static,200,https://zeit-rechner.com/impressum/,true,"index, follow, max-snippet:-1, max-image-preview:large",Impressum,143,false,true,false,669,15,#F5F3FB,22. August 2026
/nachtzuschlag-rechner/,de,tool,200,https://zeit-rechner.com/nachtzuschlag-rechner/,true,"index, follow, max-snippet:-1, max-image-preview:large",Nachtzuschlag-Rechner,617,true,true,false,3,18,#F5F3FB,
/nutzungsbedingungen/,de,static,200,https://zeit-rechner.com/nutzungsbedingungen/,true,"index, follow, max-snippet:-1, max-image-preview:large",Nutzungsbedingungen,167,false,true,false,669,15,#F5F3FB,22. August 2026
/pausenrechner/,de,tool,200,https://zeit-rechner.com/pausenrechner/,true,"index, follow, max-snippet:-1, max-image-preview:large",Pausenrechner nach ArbZG,539,true,true,false,4,18,#F5F3FB,
/ratgeber/,de,ratgeber,200,https://zeit-rechner.com/ratgeber/,true,"index, follow, max-snippet:-1, max-image-preview:large",Experten-Ratgeber & Anleitungen,57,false,true,false,669,17,#F5F3FB,
/ratgeber/arbeitszeit-berechnen/,de,ratgeber,200,https://zeit-rechner.com/ratgeber/arbeitszeit-berechnen/,true,"index, follow, max-snippet:-1, max-image-preview:large",Arbeitszeit berechnen: Der komplette Guide 2026,1300,false,true,false,4,15,#F5F3FB,August 2026
/ratgeber/monatsarbeitszeit/,de,ratgeber,200,https://zeit-rechner.com/ratgeber/monatsarbeitszeit/,true,"index, follow, max-snippet:-1, max-image-preview:large","Monatsarbeitszeit berechnen: Formeln, Rechner & Tabellen 2026",851,false,true,false,1,15,#F5F3FB,August 2026
/ratgeber/ueberstunden-berechnen/,de,ratgeber,200,https://zeit-rechner.com/ratgeber/ueberstunden-berechnen/,true,"index, follow, max-snippet:-1, max-image-preview:large",Überstunden berechnen: Rechner & gesetzliche Regeln 2026,1238,true,true,false,2,15,#F5F3FB,August 2026
/ratgeber/urlaubstage-berechnen/,de,ratgeber,200,https://zeit-rechner.com/ratgeber/urlaubstage-berechnen/,true,"index, follow, max-snippet:-1, max-image-preview:large",Urlaubstage berechnen: Rechner & Regeln bei Eintritt & Austritt 2026,1120,false,true,false,0,15,#F5F3FB,August 2026
/ratgeber/zeiterfassung-freelancer/,de,ratgeber,200,https://zeit-rechner.com/ratgeber/zeiterfassung-freelancer/,true,"index, follow, max-snippet:-1, max-image-preview:large","Zeiterfassung für Freelancer: Methoden, Tools & Rechtliches 2026",1400,false,true,false,2,15,#F5F3FB,August 2026
/ratgeber/zeiterfassung-pflicht/,de,ratgeber,200,https://zeit-rechner.com/ratgeber/zeiterfassung-pflicht/,true,"index, follow, max-snippet:-1, max-image-preview:large","Zeiterfassungspflicht 2026: Gesetze, BAG-Urteil & Ausnahmen",899,false,true,false,0,15,#F5F3FB,August 2026
/ruhezeit-checker/,de,tool,200,https://zeit-rechner.com/ruhezeit-checker/,true,"index, follow, max-snippet:-1, max-image-preview:large",Ruhezeit-Checker,533,true,true,false,3,18,#F5F3FB,
/schichten/8-stunden/,de,schichten-hub,200,https://zeit-rechner.com/schichten/8-stunden/,true,"index, follow, max-snippet:-1, max-image-preview:large",8-Stunden-Schichten,220,false,true,false,3,54,#F5F3FB,
/schichten/ab-07-uhr/,de,schichten-hub,200,https://zeit-rechner.com/schichten/ab-07-uhr/,true,"index, follow, max-snippet:-1, max-image-preview:large",Schichten ab 07:00 Uhr,98,false,true,false,3,31,#F5F3FB,
/schichten/nachtschichten/,de,schichten-hub,200,https://zeit-rechner.com/schichten/nachtschichten/,true,"index, follow, max-snippet:-1, max-image-preview:large",Nachtschichten,216,false,true,false,3,57,#F5F3FB,
/schichten/teilzeit/,de,schichten-hub,200,https://zeit-rechner.com/schichten/teilzeit/,true,"index, follow, max-snippet:-1, max-image-preview:large",Teilzeit (4–6 Stunden),222,false,true,false,3,57,#F5F3FB,
/stunden-zwischen-0-30-und-1-30/,de,stunden-zwischen,200,https://zeit-rechner.com/stunden-zwischen-0-30-und-1-30/,true,"index, follow, max-snippet:-1, max-image-preview:large",Wie viele Stunden von 00:30 bis 01:30 Uhr?,420,true,true,true,15,25,#F5F3FB,
/stunden-zwischen-0-30-und-1/,de,stunden-zwischen,200,https://zeit-rechner.com/stunden-zwischen-0-30-und-1/,true,"index, follow, max-snippet:-1, max-image-preview:large",Wie viele Stunden von 00:30 bis 01:00 Uhr?,412,true,true,true,10,25,#F5F3FB,
/stunden-zwischen-0-30-und-10-30/,de,stunden-zwischen,200,https://zeit-rechner.com/stunden-zwischen-0-30-und-10-30/,true,"index, follow, max-snippet:-1, max-image-preview:large",Wie viele Stunden von 00:30 bis 10:30 Uhr?,433,true,true,true,9,25,#F5F3FB,
/stunden-zwischen-0-30-und-12-30/,de,stunden-zwischen,200,https://zeit-rechner.com/stunden-zwischen-0-30-und-12-30/,true,"index, follow, max-snippet:-1, max-image-preview:large",Wie viele Stunden von 00:30 bis 12:30 Uhr?,423,true,true,true,8,25,#F5F3FB,
/stunden-zwischen-0-30-und-2/,de,stunden-zwischen,200,https://zeit-rechner.com/stunden-zwischen-0-30-und-2/,true,"index, follow, max-snippet:-1, max-image-preview:large",Wie viele Stunden von 00:30 bis 02:00 Uhr?,774,true,true,true,14,25,#F5F3FB,
/stunden-zwischen-0-30-und-4-30/,de,stunden-zwischen,200,https://zeit-rechner.com/stunden-zwischen-0-30-und-4-30/,true,"index, follow, max-snippet:-1, max-image-preview:large",Wie viele Stunden von 00:30 bis 04:30 Uhr?,768,true,true,true,13,25,#F5F3FB,
/stunden-zwischen-0-30-und-5-30/,de,stunden-zwischen,200,https://zeit-rechner.com/stunden-zwischen-0-30-und-5-30/,true,"index, follow, max-snippet:-1, max-image-preview:large",Wie viele Stunden von 00:30 bis 05:30 Uhr?,419,true,true,true,13,25,#F5F3FB,
/stunden-zwischen-0-30-und-8-30/,de,stunden-zwischen,200,https://zeit-rechner.com/stunden-zwischen-0-30-und-8-30/,true,"index, follow, max-snippet:-1, max-image-preview:large",Wie viele Stunden von 00:30 bis 08:30 Uhr?,770,true,true,true,12,25,#F5F3FB,
/stunden-zwischen-0-und-0-30/,de,stunden-zwischen,200,https://zeit-rechner.com/stunden-zwischen-0-und-0-30/,true,"index, follow, max-snippet:-1, max-image-preview:large",Wie viele Stunden von 00:00 bis 00:30 Uhr?,776,true,true,true,9,25,#F5F3FB,
/stunden-zwischen-0-und-1-30/,de,stunden-zwischen,200,https://zeit-rechner.com/stunden-zwischen-0-und-1-30/,true,"index, follow, max-snippet:-1, max-image-preview:large",Wie viele Stunden von 00:00 bis 01:30 Uhr?,388,true,true,true,12,25,#F5F3FB,
/stunden-zwischen-0-und-1/,de,stunden-zwischen,200,https://zeit-rechner.com/stunden-zwischen-0-und-1/,true,"index, follow, max-snippet:-1, max-image-preview:large",Wie viele Stunden von 00:00 bis 01:00 Uhr?,419,true,true,true,12,25,#F5F3FB,
/stunden-zwischen-0-und-10/,de,stunden-zwischen,200,https://zeit-rechner.com/stunden-zwischen-0-und-10/,true,"index, follow, max-snippet:-1, max-image-preview:large",Wie viele Stunden von 00:00 bis 10:00 Uhr?,433,true,true,true,10,25,#F5F3FB,
/stunden-zwischen-0-und-12/,de,stunden-zwischen,200,https://zeit-rechner.com/stunden-zwischen-0-und-12/,true,"index, follow, max-snippet:-1, max-image-preview:large",Wie viele Stunden von 00:00 bis 12:00 Uhr?,438,true,true,true,7,25,#F5F3FB,
/stunden-zwischen-0-und-2-30/,de,stunden-zwischen,200,https://zeit-rechner.com/stunden-zwischen-0-und-2-30/,true,"index, follow, max-snippet:-1, max-image-preview:large",Wie viele Stunden von 00:00 bis 02:30 Uhr?,772,true,true,true,6,25,#F5F3FB,
/stunden-zwischen-0-und-2/,de,stunden-zwischen,200,https://zeit-rechner.com/stunden-zwischen-0-und-2/,true,"index, follow, max-snippet:-1, max-image-preview:large",Wie viele Stunden von 00:00 bis 02:00 Uhr?,771,true,true,true,8,25,#F5F3FB,
/stunden-zwischen-0-und-3/,de,stunden-zwischen,200,https://zeit-rechner.com/stunden-zwischen-0-und-3/,true,"index, follow, max-snippet:-1, max-image-preview:large",Wie viele Stunden von 00:00 bis 03:00 Uhr?,408,true,true,true,7,25,#F5F3FB,
/stunden-zwischen-0-und-4/,de,stunden-zwischen,200,https://zeit-rechner.com/stunden-zwischen-0-und-4/,true,"index, follow, max-snippet:-1, max-image-preview:large",Wie viele Stunden von 00:00 bis 04:00 Uhr?,757,true,true,true,13,25,#F5F3FB,
/stunden-zwischen-0-und-5/,de,stunden-zwischen,200,https://zeit-rechner.com/stunden-zwischen-0-und-5/,true,"index, follow, max-snippet:-1, max-image-preview:large",Wie viele Stunden von 00:00 bis 05:00 Uhr?,424,true,true,true,12,25,#F5F3FB,
/stunden-zwischen-0-und-6/,de,stunden-zwischen,200,https://zeit-rechner.com/stunden-zwischen-0-und-6/,true,"index, follow, max-snippet:-1, max-image-preview:large",Wie viele Stunden von 00:00 bis 06:00 Uhr?,768,true,true,true,7,25,#F5F3FB,
/stunden-zwischen-0-und-7/,de,stunden-zwischen,200,https://zeit-rechner.com/stunden-zwischen-0-und-7/,true,"index, follow, max-snippet:-1, max-image-preview:large",Wie viele Stunden von 00:00 bis 07:00 Uhr?,418,true,true,true,7,25,#F5F3FB,
/stunden-zwischen-0-und-8-30/,de,stunden-zwischen,200,https://zeit-rechner.com/stunden-zwischen-0-und-8-30/,true,"index, follow, max-snippet:-1, max-image-preview:large",Wie viele Stunden von 00:00 bis 08:30 Uhr?,787,true,true,true,10,25,#F5F3FB,
/stunden-zwischen-0-und-8/,de,stunden-zwischen,200,https://zeit-rechner.com/stunden-zwischen-0-und-8/,true,"index, follow, max-snippet:-1, max-image-preview:large",Wie viele Stunden von 00:00 bis 08:00 Uhr?,770,true,true,true,12,25,#F5F3FB,
/stunden-zwischen-0-und-9/,de,stunden-zwischen,200,https://zeit-rechner.com/stunden-zwischen-0-und-9/,true,"index, follow, max-snippet:-1, max-image-preview:large",Wie viele Stunden von 00:00 bis 09:00 Uhr?,433,true,true,true,10,25,#F5F3FB,
/stunden-zwischen-1-30-und-11-30/,de,stunden-zwischen,200,https://zeit-rechner.com/stunden-zwischen-1-30-und-11-30/,true,"index, follow, max-snippet:-1, max-image-preview:large",Wie viele Stunden von 01:30 bis 11:30 Uhr?,437,true,true,true,10,25,#F5F3FB,
/stunden-zwischen-1-30-und-13-30/,de,stunden-zwischen,200,https://zeit-rechner.com/stunden-zwischen-1-30-und-13-30/,true,"index, follow, max-snippet:-1, max-image-preview:large",Wie viele Stunden von 01:30 bis 13:30 Uhr?,445,true,true,true,10,25,#F5F3FB,
/stunden-zwischen-1-30-und-2-30/,de,stunden-zwischen,200,https://zeit-rechner.com/stunden-zwischen-1-30-und-2-30/,true,"index, follow, max-snippet:-1, max-image-preview:large",Wie viele Stunden von 01:30 bis 02:30 Uhr?,418,true,true,true,15,25,#F5F3FB,
/stunden-zwischen-1-30-und-2/,de,stunden-zwischen,200,https://zeit-rechner.com/stunden-zwischen-1-30-und-2/,true,"index, follow, max-snippet:-1, max-image-preview:large",Wie viele Stunden von 01:30 bis 02:00 Uhr?,399,true,true,true,11,25,#F5F3FB,
/stunden-zwischen-1-30-und-3/,de,stunden-zwischen,200,https://zeit-rechner.com/stunden-zwischen-1-30-und-3/,true,"index, follow, max-snippet:-1, max-image-preview:large",Wie viele Stunden von 01:30 bis 03:00 Uhr?,783,true,true,true,11,25,#F5F3FB,
/stunden-zwischen-1-30-und-5-30/,de,stunden-zwischen,200,https://zeit-rechner.com/stunden-zwischen-1-30-und-5-30/,true,"index, follow, max-snippet:-1, max-image-preview:large",Wie viele Stunden von 01:30 bis 05:30 Uhr?,759,true,true,true,13,25,#F5F3FB,
/stunden-zwischen-1-30-und-6-30/,de,stunden-zwischen,200,https://zeit-rechner.com/stunden-zwischen-1-30-und-6-30/,true,"index, follow, max-snippet:-1, max-image-preview:large",Wie viele Stunden von 01:30 bis 06:30 Uhr?,419,true,true,true,13,25,#F5F3FB,
/stunden-zwischen-1-30-und-9-30/,de,stunden-zwischen,200,https://zeit-rechner.com/stunden-zwischen-1-30-und-9-30/,true,"index, follow, max-snippet:-1, max-image-preview:large",Wie viele Stunden von 01:30 bis 09:30 Uhr?,781,true,true,true,14,25,#F5F3FB,
/stunden-zwischen-1-und-1-30/,de,stunden-zwischen,200,https://zeit-rechner.com/stunden-zwischen-1-und-1-30/,true,"index, follow, max-snippet:-1, max-image-preview:large",Wie viele Stunden von 01:00 bis 01:30 Uhr?,774,true,true,true,11,25,#F5F3FB,
/stunden-zwischen-1-und-11/,de,stunden-zwischen,200,https://zeit-rechner.com/stunden-zwischen-1-und-11/,true,"index, follow, max-snippet:-1, max-image-preview:large",Wie viele Stunden von 01:00 bis 11:00 Uhr?,450,true,true,true,10,25,#F5F3FB,
/stunden-zwischen-1-und-13/,de,stunden-zwischen,200,https://zeit-rechner.com/stunden-zwischen-1-und-13/,true,"index, follow, max-snippet:-1, max-image-preview:large",Wie viele Stunden von 01:00 bis 13:00 Uhr?,423,true,true,true,9,25,#F5F3FB,
/stunden-zwischen-1-und-2-30/,de,stunden-zwischen,200,https://zeit-rechner.com/stunden-zwischen-1-und-2-30/,true,"index, follow, max-snippet:-1, max-image-preview:large",Wie viele Stunden von 01:00 bis 02:30 Uhr?,409,true,true,true,11,25,#F5F3FB,
/stunden-zwischen-1-und-2/,de,stunden-zwischen,200,https://zeit-rechner.com/stunden-zwischen-1-und-2/,true,"index, follow, max-snippet:-1, max-image-preview:large",Wie viele Stunden von 01:00 bis 02:00 Uhr?,397,true,true,true,15,25,#F5F3FB,
/stunden-zwischen-1-und-5/,de,stunden-zwischen,200,https://zeit-rechner.com/stunden-zwischen-1-und-5/,true,"index, follow, max-snippet:-1, max-image-preview:large",Wie viele Stunden von 01:00 bis 05:00 Uhr?,759,true,true,true,12,25,#F5F3FB,
/stunden-zwischen-1-und-6/,de,stunden-zwischen,200,https://zeit-rechner.com/stunden-zwischen-1-und-6/,true,"index, follow, max-snippet:-1, max-image-preview:large",Wie viele Stunden von 01:00 bis 06:00 Uhr?,414,true,true,true,12,25,#F5F3FB,
/stunden-zwischen-1-und-9/,de,stunden-zwischen,200,https://zeit-rechner.com/stunden-zwischen-1-und-9/,true,"index, follow, max-snippet:-1, max-image-preview:large",Wie viele Stunden von 01:00 bis 09:00 Uhr?,786,true,true,true,13,25,#F5F3FB,
/stunden-zwischen-10-30-und-11-30/,de,stunden-zwischen,200,https://zeit-rechner.com/stunden-zwischen-10-30-und-11-30/,true,"index, follow, max-snippet:-1, max-image-preview:large",Wie viele Stunden von 10:30 bis 11:30 Uhr?,373,true,true,true,12,25,#F5F3FB,
/stunden-zwischen-10-30-und-11/,de,stunden-zwischen,200,https://zeit-rechner.com/stunden-zwischen-10-30-und-11/,true,"index, follow, max-snippet:-1, max-image-preview:large",Wie viele Stunden von 10:30 bis 11:00 Uhr?,366,true,true,true,9,25,#F5F3FB,
/stunden-zwischen-10-30-und-12-30/,de,stunden-zwischen,200,https://zeit-rechner.com/stunden-zwischen-10-30-und-12-30/,true,"index, follow, max-snippet:-1, max-image-preview:large",Wie viele Stunden von 10:30 bis 12:30 Uhr?,709,true,true,true,8,25,#F5F3FB,
/stunden-zwischen-10-30-und-12/,de,stunden-zwischen,200,https://zeit-rechner.com/stunden-zwischen-10-30-und-12/,true,"index, follow, max-snippet:-1, max-image-preview:large",Wie viele Stunden von 10:30 bis 12:00 Uhr?,715,true,true,true,9,25,#F5F3FB,
/stunden-zwischen-10-30-und-13-30/,de,stunden-zwischen,200,https://zeit-rechner.com/stunden-zwischen-10-30-und-13-30/,true,"index, follow, max-snippet:-1, max-image-preview:large",Wie viele Stunden von 10:30 bis 13:30 Uhr?,362,true,true,true,8,24,#F5F3FB,
/stunden-zwischen-10-30-und-13/,de,stunden-zwischen,200,https://zeit-rechner.com/stunden-zwischen-10-30-und-13/,true,"index, follow, max-snippet:-1, max-image-preview:large",Wie viele Stunden von 10:30 bis 13:00 Uhr?,374,true,true,true,9,25,#F5F3FB,
/stunden-zwischen-10-30-und-14-30/,de,stunden-zwischen,200,https://zeit-rechner.com/stunden-zwischen-10-30-und-14-30/,true,"index, follow, max-snippet:-1, max-image-preview:large",Wie viele Stunden von 10:30 bis 14:30 Uhr?,751,true,true,true,10,25,#F5F3FB,
/stunden-zwischen-10-30-und-15-30/,de,stunden-zwischen,200,https://zeit-rechner.com/stunden-zwischen-10-30-und-15-30/,true,"index, follow, max-snippet:-1, max-image-preview:large",Wie viele Stunden von 10:30 bis 15:30 Uhr?,389,true,true,true,10,25,#F5F3FB,
/stunden-zwischen-10-30-und-16-30/,de,stunden-zwischen,200,https://zeit-rechner.com/stunden-zwischen-10-30-und-16-30/,true,"index, follow, max-snippet:-1, max-image-preview:large",Wie viele Stunden von 10:30 bis 16:30 Uhr?,738,true,true,true,9,25,#F5F3FB,
/stunden-zwischen-10-30-und-17-30/,de,stunden-zwischen,200,https://zeit-rechner.com/stunden-zwischen-10-30-und-17-30/,true,"index, follow, max-snippet:-1, max-image-preview:large",Wie viele Stunden von 10:30 bis 17:30 Uhr?,361,true,true,true,10,25,#F5F3FB,
/stunden-zwischen-10-30-und-18-30/,de,stunden-zwischen,200,https://zeit-rechner.com/stunden-zwischen-10-30-und-18-30/,true,"index, follow, max-snippet:-1, max-image-preview:large",Wie viele Stunden von 10:30 bis 18:30 Uhr?,729,true,true,true,11,23,#F5F3FB,
/stunden-zwischen-10-30-und-19-30/,de,stunden-zwischen,200,https://zeit-rechner.com/stunden-zwischen-10-30-und-19-30/,true,"index, follow, max-snippet:-1, max-image-preview:large",Wie viele Stunden von 10:30 bis 19:30 Uhr?,398,true,true,true,10,25,#F5F3FB,
/stunden-zwischen-10-30-und-19/,de,stunden-zwischen,200,https://zeit-rechner.com/stunden-zwischen-10-30-und-19/,true,"index, follow, max-snippet:-1, max-image-preview:large",Wie viele Stunden von 10:30 bis 19:00 Uhr?,366,true,true,true,12,24,#F5F3FB,
/stunden-zwischen-10-30-und-20-30/,de,stunden-zwischen,200,https://zeit-rechner.com/stunden-zwischen-10-30-und-20-30/,true,"index, follow, max-snippet:-1, max-image-preview:large",Wie viele Stunden von 10:30 bis 20:30 Uhr?,381,true,true,true,9,25,#F5F3FB,
/stunden-zwischen-10-30-und-22-30/,de,stunden-zwischen,200,https://zeit-rechner.com/stunden-zwischen-10-30-und-22-30/,true,"index, follow, max-snippet:-1, max-image-preview:large",Wie viele Stunden von 10:30 bis 22:30 Uhr?,387,true,true,true,10,25,#F5F3FB,
/stunden-zwischen-10-und-10-30/,de,stunden-zwischen,200,https://zeit-rechner.com/stunden-zwischen-10-und-10-30/,true,"index, follow, max-snippet:-1, max-image-preview:large",Wie viele Stunden von 10:00 bis 10:30 Uhr?,715,true,true,true,9,25,#F5F3FB,
/stunden-zwischen-10-und-11-30/,de,stunden-zwischen,200,https://zeit-rechner.com/stunden-zwischen-10-und-11-30/,true,"index, follow, max-snippet:-1, max-image-preview:large",Wie viele Stunden von 10:00 bis 11:30 Uhr?,373,true,true,true,10,25,#F5F3FB,
/stunden-zwischen-10-und-11/,de,stunden-zwischen,200,https://zeit-rechner.com/stunden-zwischen-10-und-11/,true,"index, follow, max-snippet:-1, max-image-preview:large",Wie viele Stunden von 10:00 bis 11:00 Uhr?,353,true,true,true,12,25,#F5F3FB,
/stunden-zwischen-10-und-12-30/,de,stunden-zwischen,200,https://zeit-rechner.com/stunden-zwischen-10-und-12-30/,true,"index, follow, max-snippet:-1, max-image-preview:large",Wie viele Stunden von 10:00 bis 12:30 Uhr?,728,true,true,true,11,25,#F5F3FB,
/stunden-zwischen-10-und-12/,de,stunden-zwischen,200,https://zeit-rechner.com/stunden-zwischen-10-und-12/,true,"index, follow, max-snippet:-1, max-image-preview:large",Wie viele Stunden von 10:00 bis 12:00 Uhr?,731,true,true,true,8,25,#F5F3FB,
/stunden-zwischen-10-und-13/,de,stunden-zwischen,200,https://zeit-rechner.com/stunden-zwischen-10-und-13/,true,"index, follow, max-snippet:-1, max-image-preview:large",Wie viele Stunden von 10:00 bis 13:00 Uhr?,363,true,true,true,10,24,#F5F3FB,
/stunden-zwischen-10-und-14/,de,stunden-zwischen,200,https://zeit-rechner.com/stunden-zwischen-10-und-14/,true,"index, follow, max-snippet:-1, max-image-preview:large",Wie viele Stunden von 10:00 bis 14:00 Uhr?,738,true,true,true,10,25,#F5F3FB,
/stunden-zwischen-10-und-15/,de,stunden-zwischen,200,https://zeit-rechner.com/stunden-zwischen-10-und-15/,true,"index, follow, max-snippet:-1, max-image-preview:large",Wie viele Stunden von 10:00 bis 15:00 Uhr?,377,true,true,true,10,25,#F5F3FB,
/stunden-zwischen-10-und-16/,de,stunden-zwischen,200,https://zeit-rechner.com/stunden-zwischen-10-und-16/,true,"index, follow, max-snippet:-1, max-image-preview:large",Wie viele Stunden von 10:00 bis 16:00 Uhr?,744,true,true,true,9,25,#F5F3FB,
/stunden-zwischen-10-und-17/,de,stunden-zwischen,200,https://zeit-rechner.com/stunden-zwischen-10-und-17/,true,"index, follow, max-snippet:-1, max-image-preview:large",Wie viele Stunden von 10:00 bis 17:00 Uhr?,384,true,true,true,9,24,#F5F3FB,
/stunden-zwischen-10-und-18-30/,de,stunden-zwischen,200,https://zeit-rechner.com/stunden-zwischen-10-und-18-30/,true,"index, follow, max-snippet:-1, max-image-preview:large",Wie viele Stunden von 10:00 bis 18:30 Uhr?,714,true,true,true,12,24,#F5F3FB,
/stunden-zwischen-10-und-18/,de,stunden-zwischen,200,https://zeit-rechner.com/stunden-zwischen-10-und-18/,true,"index, follow, max-snippet:-1, max-image-preview:large",Wie viele Stunden von 10:00 bis 18:00 Uhr?,715,true,true,true,670,23,#F5F3FB,
/stunden-zwischen-10-und-19/,de,stunden-zwischen,200,https://zeit-rechner.com/stunden-zwischen-10-und-19/,true,"index, follow, max-snippet:-1, max-image-preview:large",Wie viele Stunden von 10:00 bis 19:00 Uhr?,391,true,true,true,10,25,#F5F3FB,
/stunden-zwischen-10-und-20/,de,stunden-zwischen,200,https://zeit-rechner.com/stunden-zwischen-10-und-20/,true,"index, follow, max-snippet:-1, max-image-preview:large",Wie viele Stunden von 10:00 bis 20:00 Uhr?,404,true,true,true,9,25,#F5F3FB,
/stunden-zwischen-10-und-22/,de,stunden-zwischen,200,https://zeit-rechner.com/stunden-zwischen-10-und-22/,true,"index, follow, max-snippet:-1, max-image-preview:large",Wie viele Stunden von 10:00 bis 22:00 Uhr?,375,true,true,true,10,25,#F5F3FB,
/stunden-zwischen-11-30-und-12-30/,de,stunden-zwischen,200,https://zeit-rechner.com/stunden-zwischen-11-30-und-12-30/,true,"index, follow, max-snippet:-1, max-image-preview:large",Wie viele Stunden von 11:30 bis 12:30 Uhr?,360,true,true,true,12,25,#F5F3FB,
/stunden-zwischen-11-30-und-12/,de,stunden-zwischen,200,https://zeit-rechner.com/stunden-zwischen-11-30-und-12/,true,"index, follow, max-snippet:-1, max-image-preview:large",Wie viele Stunden von 11:30 bis 12:00 Uhr?,364,true,true,true,9,25,#F5F3FB,
/stunden-zwischen-11-30-und-13/,de,stunden-zwischen,200,https://zeit-rechner.com/stunden-zwischen-11-30-und-13/,true,"index, follow, max-snippet:-1, max-image-preview:large",Wie viele Stunden von 11:30 bis 13:00 Uhr?,731,true,true,true,9,25,#F5F3FB,
/stunden-zwischen-11-30-und-15-30/,de,stunden-zwischen,200,https://zeit-rechner.com/stunden-zwischen-11-30-und-15-30/,true,"index, follow, max-snippet:-1, max-image-preview:large",Wie viele Stunden von 11:30 bis 15:30 Uhr?,740,true,true,true,10,25,#F5F3FB,
/stunden-zwischen-11-30-und-16-30/,de,stunden-zwischen,200,https://zeit-rechner.com/stunden-zwischen-11-30-und-16-30/,true,"index, follow, max-snippet:-1, max-image-preview:large",Wie viele Stunden von 11:30 bis 16:30 Uhr?,388,true,true,true,10,25,#F5F3FB,
/stunden-zwischen-11-30-und-19-30/,de,stunden-zwischen,200,https://zeit-rechner.com/stunden-zwischen-11-30-und-19-30/,true,"index, follow, max-snippet:-1, max-image-preview:large",Wie viele Stunden von 11:30 bis 19:30 Uhr?,715,true,true,true,9,24,#F5F3FB,
/stunden-zwischen-11-30-und-21-30/,de,stunden-zwischen,200,https://zeit-rechner.com/stunden-zwischen-11-30-und-21-30/,true,"index, follow, max-snippet:-1, max-image-preview:large",Wie viele Stunden von 11:30 bis 21:30 Uhr?,387,true,true,true,9,25,#F5F3FB,
/stunden-zwischen-11-30-und-23-30/,de,stunden-zwischen,200,https://zeit-rechner.com/stunden-zwischen-11-30-und-23-30/,true,"index, follow, max-snippet:-1, max-image-preview:large",Wie viele Stunden von 11:30 bis 23:30 Uhr?,408,true,true,true,10,25,#F5F3FB,
/stunden-zwischen-11-und-11-30/,de,stunden-zwischen,200,https://zeit-rechner.com/stunden-zwischen-11-und-11-30/,true,"index, follow, max-snippet:-1, max-image-preview:large",Wie viele Stunden von 11:00 bis 11:30 Uhr?,726,true,true,true,9,25,#F5F3FB,
/stunden-zwischen-11-und-12-30/,de,stunden-zwischen,200,https://zeit-rechner.com/stunden-zwischen-11-und-12-30/,true,"index, follow, max-snippet:-1, max-image-preview:large",Wie viele Stunden von 11:00 bis 12:30 Uhr?,378,true,true,true,9,25,#F5F3FB,
/stunden-zwischen-11-und-12/,de,stunden-zwischen,200,https://zeit-rechner.com/stunden-zwischen-11-und-12/,true,"index, follow, max-snippet:-1, max-image-preview:large",Wie viele Stunden von 11:00 bis 12:00 Uhr?,351,true,true,true,12,25,#F5F3FB,
/stunden-zwischen-11-und-14/,de,stunden-zwischen,200,https://zeit-rechner.com/stunden-zwischen-11-und-14/,true,"index, follow, max-snippet:-1, max-image-preview:large",Wie viele Stunden von 11:00 bis 14:00 Uhr?,375,true,true,true,8,24,#F5F3FB,
/stunden-zwischen-11-und-15/,de,stunden-zwischen,200,https://zeit-rechner.com/stunden-zwischen-11-und-15/,true,"index, follow, max-snippet:-1, max-image-preview:large",Wie viele Stunden von 11:00 bis 15:00 Uhr?,734,true,true,true,10,25,#F5F3FB,
/stunden-zwischen-11-und-16/,de,stunden-zwischen,200,https://zeit-rechner.com/stunden-zwischen-11-und-16/,true,"index, follow, max-snippet:-1, max-image-preview:large",Wie viele Stunden von 11:00 bis 16:00 Uhr?,380,true,true,true,10,25,#F5F3FB,
/stunden-zwischen-11-und-17/,de,stunden-zwischen,200,https://zeit-rechner.com/stunden-zwischen-11-und-17/,true,"index, follow, max-snippet:-1, max-image-preview:large",Wie viele Stunden von 11:00 bis 17:00 Uhr?,740,true,true,true,10,25,#F5F3FB,
/stunden-zwischen-11-und-18/,de,stunden-zwischen,200,https://zeit-rechner.com/stunden-zwischen-11-und-18/,true,"index, follow, max-snippet:-1, max-image-preview:large",Wie viele Stunden von 11:00 bis 18:00 Uhr?,384,true,true,true,9,25,#F5F3FB,
/stunden-zwischen-11-und-19-30/,de,stunden-zwischen,200,https://zeit-rechner.com/stunden-zwischen-11-und-19-30/,true,"index, follow, max-snippet:-1, max-image-preview:large",Wie viele Stunden von 11:00 bis 19:30 Uhr?,729,true,true,true,10,25,#F5F3FB,
/stunden-zwischen-11-und-19/,de,stunden-zwischen,200,https://zeit-rechner.com/stunden-zwischen-11-und-19/,true,"index, follow, max-snippet:-1, max-image-preview:large",Wie viele Stunden von 11:00 bis 19:00 Uhr?,728,true,true,true,10,24,#F5F3FB,
/stunden-zwischen-11-und-20/,de,stunden-zwischen,200,https://zeit-rechner.com/stunden-zwischen-11-und-20/,true,"index, follow, max-snippet:-1, max-image-preview:large",Wie viele Stunden von 11:00 bis 20:00 Uhr?,744,true,true,true,9,25,#F5F3FB,
/stunden-zwischen-11-und-21/,de,stunden-zwischen,200,https://zeit-rechner.com/stunden-zwischen-11-und-21/,true,"index, follow, max-snippet:-1, max-image-preview:large",Wie viele Stunden von 11:00 bis 21:00 Uhr?,409,true,true,true,9,25,#F5F3FB,
/stunden-zwischen-11-und-23/,de,stunden-zwischen,200,https://zeit-rechner.com/stunden-zwischen-11-und-23/,true,"index, follow, max-snippet:-1, max-image-preview:large",Wie viele Stunden von 11:00 bis 23:00 Uhr?,392,true,true,true,10,25,#F5F3FB,
/stunden-zwischen-12-30-und-0-30/,de,stunden-zwischen,200,https://zeit-rechner.com/stunden-zwischen-12-30-und-0-30/,true,"index, follow, max-snippet:-1, max-image-preview:large",Wie viele Stunden von 12:30 bis 00:30 Uhr?,455,true,true,true,10,25,#F5F3FB,
/stunden-zwischen-12-30-und-13-30/,de,stunden-zwischen,200,https://zeit-rechner.com/stunden-zwischen-12-30-und-13-30/,true,"index, follow, max-snippet:-1, max-image-preview:large",Wie viele Stunden von 12:30 bis 13:30 Uhr?,369,true,true,true,12,25,#F5F3FB,
/stunden-zwischen-12-30-und-13/,de,stunden-zwischen,200,https://zeit-rechner.com/stunden-zwischen-12-30-und-13/,true,"index, follow, max-snippet:-1, max-image-preview:large",Wie viele Stunden von 12:30 bis 13:00 Uhr?,368,true,true,true,9,25,#F5F3FB,
/stunden-zwischen-12-30-und-14-30/,de,stunden-zwischen,200,https://zeit-rechner.com/stunden-zwischen-12-30-und-14-30/,true,"index, follow, max-snippet:-1, max-image-preview:large",Wie viele Stunden von 12:30 bis 14:30 Uhr?,718,true,true,true,10,25,#F5F3FB,
/stunden-zwischen-12-30-und-14/,de,stunden-zwischen,200,https://zeit-rechner.com/stunden-zwischen-12-30-und-14/,true,"index, follow, max-snippet:-1, max-image-preview:large",Wie viele Stunden von 12:30 bis 14:00 Uhr?,719,true,true,true,11,25,#F5F3FB,
/stunden-zwischen-12-30-und-15-30/,de,stunden-zwischen,200,https://zeit-rechner.com/stunden-zwischen-12-30-und-15-30/,true,"index, follow, max-snippet:-1, max-image-preview:large",Wie viele Stunden von 12:30 bis 15:30 Uhr?,366,true,true,true,11,25,#F5F3FB,
/stunden-zwischen-12-30-und-15/,de,stunden-zwischen,200,https://zeit-rechner.com/stunden-zwischen-12-30-und-15/,true,"index, follow, max-snippet:-1, max-image-preview:large",Wie viele Stunden von 12:30 bis 15:00 Uhr?,378,true,true,true,12,25,#F5F3FB,
/stunden-zwischen-12-30-und-16-30/,de,stunden-zwischen,200,https://zeit-rechner.com/stunden-zwischen-12-30-und-16-30/,true,"index, follow, max-snippet:-1, max-image-preview:large",Wie viele Stunden von 12:30 bis 16:30 Uhr?,745,true,true,true,10,25,#F5F3FB,
/stunden-zwischen-12-30-und-17-30/,de,stunden-zwischen,200,https://zeit-rechner.com/stunden-zwischen-12-30-und-17-30/,true,"index, follow, max-snippet:-1, max-image-preview:large",Wie viele Stunden von 12:30 bis 17:30 Uhr?,394,true,true,true,10,25,#F5F3FB,
/stunden-zwischen-12-30-und-18-30/,de,stunden-zwischen,200,https://zeit-rechner.com/stunden-zwischen-12-30-und-18-30/,true,"index, follow, max-snippet:-1, max-image-preview:large",Wie viele Stunden von 12:30 bis 18:30 Uhr?,731,true,true,true,9,25,#F5F3FB,
/stunden-zwischen-12-30-und-19-30/,de,stunden-zwischen,200,https://zeit-rechner.com/stunden-zwischen-12-30-und-19-30/,true,"index, follow, max-snippet:-1, max-image-preview:large",Wie viele Stunden von 12:30 bis 19:30 Uhr?,362,true,true,true,8,25,#F5F3FB,
/stunden-zwischen-12-30-und-20-30/,de,stunden-zwischen,200,https://zeit-rechner.com/stunden-zwischen-12-30-und-20-30/,true,"index, follow, max-snippet:-1, max-image-preview:large",Wie viele Stunden von 12:30 bis 20:30 Uhr?,367,true,true,true,13,25,#F5F3FB,
/stunden-zwischen-12-30-und-21-30/,de,stunden-zwischen,200,https://zeit-rechner.com/stunden-zwischen-12-30-und-21-30/,true,"index, follow, max-snippet:-1, max-image-preview:large",Wie viele Stunden von 12:30 bis 21:30 Uhr?,739,true,true,true,9,25,#F5F3FB,
/stunden-zwischen-12-30-und-21/,de,stunden-zwischen,200,https://zeit-rechner.com/stunden-zwischen-12-30-und-21/,true,"index, follow, max-snippet:-1, max-image-preview:large",Wie viele Stunden von 12:30 bis 21:00 Uhr?,719,true,true,true,11,25,#F5F3FB,
/stunden-zwischen-12-30-und-22-30/,de,stunden-zwischen,200,https://zeit-rechner.com/stunden-zwischen-12-30-und-22-30/,true,"index, follow, max-snippet:-1, max-image-preview:large",Wie viele Stunden von 12:30 bis 22:30 Uhr?,377,true,true,true,9,25,#F5F3FB,
/stunden-zwischen-12-und-0/,de,stunden-zwischen,200,https://zeit-rechner.com/stunden-zwischen-12-und-0/,true,"index, follow, max-snippet:-1, max-image-preview:large",Wie viele Stunden von 12:00 bis 00:00 Uhr?,471,true,true,true,10,25,#F5F3FB,
/stunden-zwischen-12-und-12-30/,de,stunden-zwischen,200,https://zeit-rechner.com/stunden-zwischen-12-und-12-30/,true,"index, follow, max-snippet:-1, max-image-preview:large",Wie viele Stunden von 12:00 bis 12:30 Uhr?,726,true,true,true,9,25,#F5F3FB,
/stunden-zwischen-12-und-13-30/,de,stunden-zwischen,200,https://zeit-rechner.com/stunden-zwischen-12-und-13-30/,true,"index, follow, max-snippet:-1, max-image-preview:large",Wie viele Stunden von 12:00 bis 13:30 Uhr?,372,true,true,true,10,25,#F5F3FB,
/stunden-zwischen-12-und-13/,de,stunden-zwischen,200,https://zeit-rechner.com/stunden-zwischen-12-und-13/,true,"index, follow, max-snippet:-1, max-image-preview:large",Wie viele Stunden von 12:00 bis 13:00 Uhr?,351,true,true,true,13,25,#F5F3FB,
/stunden-zwischen-12-und-14-30/,de,stunden-zwischen,200,https://zeit-rechner.com/stunden-zwischen-12-und-14-30/,true,"index, follow, max-snippet:-1, max-image-preview:large",Wie viele Stunden von 12:00 bis 14:30 Uhr?,720,true,true,true,9,25,#F5F3FB,
/stunden-zwischen-12-und-14/,de,stunden-zwischen,200,https://zeit-rechner.com/stunden-zwischen-12-und-14/,true,"index, follow, max-snippet:-1, max-image-preview:large",Wie viele Stunden von 12:00 bis 14:00 Uhr?,729,true,true,true,8,25,#F5F3FB,
/stunden-zwischen-12-und-15/,de,stunden-zwischen,200,https://zeit-rechner.com/stunden-zwischen-12-und-15/,true,"index, follow, max-snippet:-1, max-image-preview:large",Wie viele Stunden von 12:00 bis 15:00 Uhr?,363,true,true,true,10,25,#F5F3FB,
/stunden-zwischen-12-und-16/,de,stunden-zwischen,200,https://zeit-rechner.com/stunden-zwischen-12-und-16/,true,"index, follow, max-snippet:-1, max-image-preview:large",Wie viele Stunden von 12:00 bis 16:00 Uhr?,740,true,true,true,10,25,#F5F3FB,
/stunden-zwischen-12-und-17/,de,stunden-zwischen,200,https://zeit-rechner.com/stunden-zwischen-12-und-17/,true,"index, follow, max-snippet:-1, max-image-preview:large",Wie viele Stunden von 12:00 bis 17:00 Uhr?,377,true,true,true,10,25,#F5F3FB,
/stunden-zwischen-12-und-18/,de,stunden-zwischen,200,https://zeit-rechner.com/stunden-zwischen-12-und-18/,true,"index, follow, max-snippet:-1, max-image-preview:large",Wie viele Stunden von 12:00 bis 18:00 Uhr?,742,true,true,true,10,25,#F5F3FB,
/stunden-zwischen-12-und-19/,de,stunden-zwischen,200,https://zeit-rechner.com/stunden-zwischen-12-und-19/,true,"index, follow, max-snippet:-1, max-image-preview:large",Wie viele Stunden von 12:00 bis 19:00 Uhr?,389,true,true,true,8,25,#F5F3FB,
/stunden-zwischen-12-und-20-30/,de,stunden-zwischen,200,https://zeit-rechner.com/stunden-zwischen-12-und-20-30/,true,"index, follow, max-snippet:-1, max-image-preview:large",Wie viele Stunden von 12:00 bis 20:30 Uhr?,384,true,true,true,12,25,#F5F3FB,
/stunden-zwischen-12-und-20/,de,stunden-zwischen,200,https://zeit-rechner.com/stunden-zwischen-12-und-20/,true,"index, follow, max-snippet:-1, max-image-preview:large",Wie viele Stunden von 12:00 bis 20:00 Uhr?,393,true,true,true,16,25,#F5F3FB,
/stunden-zwischen-12-und-21/,de,stunden-zwischen,200,https://zeit-rechner.com/stunden-zwischen-12-und-21/,true,"index, follow, max-snippet:-1, max-image-preview:large",Wie viele Stunden von 12:00 bis 21:00 Uhr?,741,true,true,true,10,25,#F5F3FB,
/stunden-zwischen-12-und-22/,de,stunden-zwischen,200,https://zeit-rechner.com/stunden-zwischen-12-und-22/,true,"index, follow, max-snippet:-1, max-image-preview:large",Wie viele Stunden von 12:00 bis 22:00 Uhr?,409,true,true,true,9,25,#F5F3FB,
/stunden-zwischen-13-30-und-1-30/,de,stunden-zwischen,200,https://zeit-rechner.com/stunden-zwischen-13-30-und-1-30/,true,"index, follow, max-snippet:-1, max-image-preview:large",Wie viele Stunden von 13:30 bis 01:30 Uhr?,433,true,true,true,10,25,#F5F3FB,
/stunden-zwischen-13-30-und-14-30/,de,stunden-zwischen,200,https://zeit-rechner.com/stunden-zwischen-13-30-und-14-30/,true,"index, follow, max-snippet:-1, max-image-preview:large",Wie viele Stunden von 13:30 bis 14:30 Uhr?,368,true,true,true,12,25,#F5F3FB,
/stunden-zwischen-13-30-und-14/,de,stunden-zwischen,200,https://zeit-rechner.com/stunden-zwischen-13-30-und-14/,true,"index, follow, max-snippet:-1, max-image-preview:large",Wie viele Stunden von 13:30 bis 14:00 Uhr?,378,true,true,true,9,25,#F5F3FB,
/stunden-zwischen-13-30-und-15-30/,de,stunden-zwischen,200,https://zeit-rechner.com/stunden-zwischen-13-30-und-15-30/,true,"index, follow, max-snippet:-1, max-image-preview:large",Wie viele Stunden von 13:30 bis 15:30 Uhr?,709,true,true,true,10,25,#F5F3FB,
/stunden-zwischen-13-30-und-15/,de,stunden-zwischen,200,https://zeit-rechner.com/stunden-zwischen-13-30-und-15/,true,"index, follow, max-snippet:-1, max-image-preview:large",Wie viele Stunden von 13:30 bis 15:00 Uhr?,728,true,true,true,10,25,#F5F3FB,
/stunden-zwischen-13-30-und-16-30/,de,stunden-zwischen,200,https://zeit-rechner.com/stunden-zwischen-13-30-und-16-30/,true,"index, follow, max-snippet:-1, max-image-preview:large",Wie viele Stunden von 13:30 bis 16:30 Uhr?,378,true,true,true,10,25,#F5F3FB,
/stunden-zwischen-13-30-und-16/,de,stunden-zwischen,200,https://zeit-rechner.com/stunden-zwischen-13-30-und-16/,true,"index, follow, max-snippet:-1, max-image-preview:large",Wie viele Stunden von 13:30 bis 16:00 Uhr?,357,true,true,true,12,25,#F5F3FB,
/stunden-zwischen-13-30-und-17-30/,de,stunden-zwischen,200,https://zeit-rechner.com/stunden-zwischen-13-30-und-17-30/,true,"index, follow, max-snippet:-1, max-image-preview:large",Wie viele Stunden von 13:30 bis 17:30 Uhr?,740,true,true,true,10,25,#F5F3FB,
/stunden-zwischen-13-30-und-18-30/,de,stunden-zwischen,200,https://zeit-rechner.com/stunden-zwischen-13-30-und-18-30/,true,"index, follow, max-snippet:-1, max-image-preview:large",Wie viele Stunden von 13:30 bis 18:30 Uhr?,382,true,true,true,10,25,#F5F3FB,
/stunden-zwischen-13-30-und-19-30/,de,stunden-zwischen,200,https://zeit-rechner.com/stunden-zwischen-13-30-und-19-30/,true,"index, follow, max-snippet:-1, max-image-preview:large",Wie viele Stunden von 13:30 bis 19:30 Uhr?,740,true,true,true,10,25,#F5F3FB,
/stunden-zwischen-13-30-und-21-30/,de,stunden-zwischen,200,https://zeit-rechner.com/stunden-zwischen-13-30-und-21-30/,true,"index, follow, max-snippet:-1, max-image-preview:large",Wie viele Stunden von 13:30 bis 21:30 Uhr?,386,true,true,true,11,25,#F5F3FB,
/stunden-zwischen-13-30-und-23-30/,de,stunden-zwischen,200,https://zeit-rechner.com/stunden-zwischen-13-30-und-23-30/,true,"index, follow, max-snippet:-1, max-image-preview:large",Wie viele Stunden von 13:30 bis 23:30 Uhr?,425,true,true,true,10,25,#F5F3FB,
/stunden-zwischen-13-und-1/,de,stunden-zwischen,200,https://zeit-rechner.com/stunden-zwischen-13-und-1/,true,"index, follow, max-snippet:-1, max-image-preview:large",Wie viele Stunden von 13:00 bis 01:00 Uhr?,442,true,true,true,10,25,#F5F3FB,
/stunden-zwischen-13-und-13-30/,de,stunden-zwischen,200,https://zeit-rechner.com/stunden-zwischen-13-und-13-30/,true,"index, follow, max-snippet:-1, max-image-preview:large",Wie viele Stunden von 13:00 bis 13:30 Uhr?,729,true,true,true,9,25,#F5F3FB,
/stunden-zwischen-13-und-14-30/,de,stunden-zwischen,200,https://zeit-rechner.com/stunden-zwischen-13-und-14-30/,true,"index, follow, max-snippet:-1, max-image-preview:large",Wie viele Stunden von 13:00 bis 14:30 Uhr?,363,true,true,true,11,25,#F5F3FB,
/stunden-zwischen-13-und-14/,de,stunden-zwischen,200,https://zeit-rechner.com/stunden-zwischen-13-und-14/,true,"index, follow, max-snippet:-1, max-image-preview:large",Wie viele Stunden von 13:00 bis 14:00 Uhr?,353,true,true,true,12,25,#F5F3FB,
/stunden-zwischen-13-und-15-30/,de,stunden-zwischen,200,https://zeit-rechner.com/stunden-zwischen-13-und-15-30/,true,"index, follow, max-snippet:-1, max-image-preview:large",Wie viele Stunden von 13:00 bis 15:30 Uhr?,728,true,true,true,11,25,#F5F3FB,
/stunden-zwischen-13-und-15/,de,stunden-zwischen,200,https://zeit-rechner.com/stunden-zwischen-13-und-15/,true,"index, follow, max-snippet:-1, max-image-preview:large",Wie viele Stunden von 13:00 bis 15:00 Uhr?,718,true,true,true,11,25,#F5F3FB,
/stunden-zwischen-13-und-16/,de,stunden-zwischen,200,https://zeit-rechner.com/stunden-zwischen-13-und-16/,true,"index, follow, max-snippet:-1, max-image-preview:large",Wie viele Stunden von 13:00 bis 16:00 Uhr?,373,true,true,true,10,25,#F5F3FB,
/stunden-zwischen-13-und-17/,de,stunden-zwischen,200,https://zeit-rechner.com/stunden-zwischen-13-und-17/,true,"index, follow, max-snippet:-1, max-image-preview:large",Wie viele Stunden von 13:00 bis 17:00 Uhr?,734,true,true,true,10,25,#F5F3FB,
/stunden-zwischen-13-und-18/,de,stunden-zwischen,200,https://zeit-rechner.com/stunden-zwischen-13-und-18/,true,"index, follow, max-snippet:-1, max-image-preview:large",Wie viele Stunden von 13:00 bis 18:00 Uhr?,382,true,true,true,10,25,#F5F3FB,
/stunden-zwischen-13-und-19/,de,stunden-zwischen,200,https://zeit-rechner.com/stunden-zwischen-13-und-19/,true,"index, follow, max-snippet:-1, max-image-preview:large",Wie viele Stunden von 13:00 bis 19:00 Uhr?,742,true,true,true,9,25,#F5F3FB,
/stunden-zwischen-13-und-20/,de,stunden-zwischen,200,https://zeit-rechner.com/stunden-zwischen-13-und-20/,true,"index, follow, max-snippet:-1, max-image-preview:large",Wie viele Stunden von 13:00 bis 20:00 Uhr?,749,true,true,true,7,25,#F5F3FB,
/stunden-zwischen-13-und-21-30/,de,stunden-zwischen,200,https://zeit-rechner.com/stunden-zwischen-13-und-21-30/,true,"index, follow, max-snippet:-1, max-image-preview:large",Wie viele Stunden von 13:00 bis 21:30 Uhr?,394,true,true,true,12,25,#F5F3FB,
/stunden-zwischen-13-und-21/,de,stunden-zwischen,200,https://zeit-rechner.com/stunden-zwischen-13-und-21/,true,"index, follow, max-snippet:-1, max-image-preview:large",Wie viele Stunden von 13:00 bis 21:00 Uhr?,370,true,true,true,14,25,#F5F3FB,
/stunden-zwischen-13-und-22/,de,stunden-zwischen,200,https://zeit-rechner.com/stunden-zwischen-13-und-22/,true,"index, follow, max-snippet:-1, max-image-preview:large",Wie viele Stunden von 13:00 bis 22:00 Uhr?,754,true,true,true,8,25,#F5F3FB,
/stunden-zwischen-13-und-23/,de,stunden-zwischen,200,https://zeit-rechner.com/stunden-zwischen-13-und-23/,true,"index, follow, max-snippet:-1, max-image-preview:large",Wie viele Stunden von 13:00 bis 23:00 Uhr?,404,true,true,true,9,25,#F5F3FB,
/stunden-zwischen-14-30-und-0-30/,de,stunden-zwischen,200,https://zeit-rechner.com/stunden-zwischen-14-30-und-0-30/,true,"index, follow, max-snippet:-1, max-image-preview:large",Wie viele Stunden von 14:30 bis 00:30 Uhr?,482,true,true,true,9,25,#F5F3FB,
/stunden-zwischen-14-30-und-15-30/,de,stunden-zwischen,200,https://zeit-rechner.com/stunden-zwischen-14-30-und-15-30/,true,"index, follow, max-snippet:-1, max-image-preview:large",Wie viele Stunden von 14:30 bis 15:30 Uhr?,380,true,true,true,12,25,#F5F3FB,
/stunden-zwischen-14-30-und-15/,de,stunden-zwischen,200,https://zeit-rechner.com/stunden-zwischen-14-30-und-15/,true,"index, follow, max-snippet:-1, max-image-preview:large",Wie viele Stunden von 14:30 bis 15:00 Uhr?,360,true,true,true,9,25,#F5F3FB,
/stunden-zwischen-14-30-und-16-30/,de,stunden-zwischen,200,https://zeit-rechner.com/stunden-zwischen-14-30-und-16-30/,true,"index, follow, max-snippet:-1, max-image-preview:large",Wie viele Stunden von 14:30 bis 16:30 Uhr?,720,true,true,true,9,25,#F5F3FB,
/stunden-zwischen-14-30-und-16/,de,stunden-zwischen,200,https://zeit-rechner.com/stunden-zwischen-14-30-und-16/,true,"index, follow, max-snippet:-1, max-image-preview:large",Wie viele Stunden von 14:30 bis 16:00 Uhr?,720,true,true,true,10,25,#F5F3FB,
/stunden-zwischen-14-30-und-17-30/,de,stunden-zwischen,200,https://zeit-rechner.com/stunden-zwischen-14-30-und-17-30/,true,"index, follow, max-snippet:-1, max-image-preview:large",Wie viele Stunden von 14:30 bis 17:30 Uhr?,360,true,true,true,10,25,#F5F3FB,
/stunden-zwischen-14-30-und-17/,de,stunden-zwischen,200,https://zeit-rechner.com/stunden-zwischen-14-30-und-17/,true,"index, follow, max-snippet:-1, max-image-preview:large",Wie viele Stunden von 14:30 bis 17:00 Uhr?,375,true,true,true,11,25,#F5F3FB,
/stunden-zwischen-14-30-und-18-30/,de,stunden-zwischen,200,https://zeit-rechner.com/stunden-zwischen-14-30-und-18-30/,true,"index, follow, max-snippet:-1, max-image-preview:large",Wie viele Stunden von 14:30 bis 18:30 Uhr?,738,true,true,true,10,25,#F5F3FB,
/stunden-zwischen-14-30-und-19-30/,de,stunden-zwischen,200,https://zeit-rechner.com/stunden-zwischen-14-30-und-19-30/,true,"index, follow, max-snippet:-1, max-image-preview:large",Wie viele Stunden von 14:30 bis 19:30 Uhr?,384,true,true,true,10,25,#F5F3FB,
/stunden-zwischen-14-30-und-2-30/,de,stunden-zwischen,200,https://zeit-rechner.com/stunden-zwischen-14-30-und-2-30/,true,"index, follow, max-snippet:-1, max-image-preview:large",Wie viele Stunden von 14:30 bis 02:30 Uhr?,459,true,true,true,10,25,#F5F3FB,
/stunden-zwischen-14-30-und-20-30/,de,stunden-zwischen,200,https://zeit-rechner.com/stunden-zwischen-14-30-und-20-30/,true,"index, follow, max-snippet:-1, max-image-preview:large",Wie viele Stunden von 14:30 bis 20:30 Uhr?,382,true,true,true,9,25,#F5F3FB,
/stunden-zwischen-14-30-und-22-30/,de,stunden-zwischen,200,https://zeit-rechner.com/stunden-zwischen-14-30-und-22-30/,true,"index, follow, max-snippet:-1, max-image-preview:large",Wie viele Stunden von 14:30 bis 22:30 Uhr?,399,true,true,true,11,25,#F5F3FB,
/stunden-zwischen-14-und-0/,de,stunden-zwischen,200,https://zeit-rechner.com/stunden-zwischen-14-und-0/,true,"index, follow, max-snippet:-1, max-image-preview:large",Wie viele Stunden von 14:00 bis 00:00 Uhr?,453,true,true,true,10,25,#F5F3FB,
/stunden-zwischen-14-und-14-30/,de,stunden-zwischen,200,https://zeit-rechner.com/stunden-zwischen-14-und-14-30/,true,"index, follow, max-snippet:-1, max-image-preview:large",Wie viele Stunden von 14:00 bis 14:30 Uhr?,729,true,true,true,9,25,#F5F3FB,
/stunden-zwischen-14-und-15-30/,de,stunden-zwischen,200,https://zeit-rechner.com/stunden-zwischen-14-und-15-30/,true,"index, follow, max-snippet:-1, max-image-preview:large",Wie viele Stunden von 14:00 bis 15:30 Uhr?,363,true,true,true,10,25,#F5F3FB,
/stunden-zwischen-14-und-15/,de,stunden-zwischen,200,https://zeit-rechner.com/stunden-zwischen-14-und-15/,true,"index, follow, max-snippet:-1, max-image-preview:large",Wie viele Stunden von 14:00 bis 15:00 Uhr?,353,true,true,true,12,25,#F5F3FB,
/stunden-zwischen-14-und-16-30/,de,stunden-zwischen,200,https://zeit-rechner.com/stunden-zwischen-14-und-16-30/,true,"index, follow, max-snippet:-1, max-image-preview:large",Wie viele Stunden von 14:00 bis 16:30 Uhr?,728,true,true,true,13,25,#F5F3FB,
/stunden-zwischen-14-und-16/,de,stunden-zwischen,200,https://zeit-rechner.com/stunden-zwischen-14-und-16/,true,"index, follow, max-snippet:-1, max-image-preview:large",Wie viele Stunden von 14:00 bis 16:00 Uhr?,731,true,true,true,10,25,#F5F3FB,
/stunden-zwischen-14-und-17/,de,stunden-zwischen,200,https://zeit-rechner.com/stunden-zwischen-14-und-17/,true,"index, follow, max-snippet:-1, max-image-preview:large",Wie viele Stunden von 14:00 bis 17:00 Uhr?,363,true,true,true,11,25,#F5F3FB,
/stunden-zwischen-14-und-18/,de,stunden-zwischen,200,https://zeit-rechner.com/stunden-zwischen-14-und-18/,true,"index, follow, max-snippet:-1, max-image-preview:large",Wie viele Stunden von 14:00 bis 18:00 Uhr?,738,true,true,true,10,25,#F5F3FB,
/stunden-zwischen-14-und-19/,de,stunden-zwischen,200,https://zeit-rechner.com/stunden-zwischen-14-und-19/,true,"index, follow, max-snippet:-1, max-image-preview:large",Wie viele Stunden von 14:00 bis 19:00 Uhr?,377,true,true,true,10,25,#F5F3FB,
/stunden-zwischen-14-und-2/,de,stunden-zwischen,200,https://zeit-rechner.com/stunden-zwischen-14-und-2/,true,"index, follow, max-snippet:-1, max-image-preview:large",Wie viele Stunden von 14:00 bis 02:00 Uhr?,455,true,true,true,10,25,#F5F3FB,
/stunden-zwischen-14-und-20/,de,stunden-zwischen,200,https://zeit-rechner.com/stunden-zwischen-14-und-20/,true,"index, follow, max-snippet:-1, max-image-preview:large",Wie viele Stunden von 14:00 bis 20:00 Uhr?,394,true,true,true,9,25,#F5F3FB,
/stunden-zwischen-14-und-21/,de,stunden-zwischen,200,https://zeit-rechner.com/stunden-zwischen-14-und-21/,true,"index, follow, max-snippet:-1, max-image-preview:large",Wie viele Stunden von 14:00 bis 21:00 Uhr?,728,true,true,true,8,25,#F5F3FB,
/stunden-zwischen-14-und-22-30/,de,stunden-zwischen,200,https://zeit-rechner.com/stunden-zwischen-14-und-22-30/,true,"index, follow, max-snippet:-1, max-image-preview:large",Wie viele Stunden von 14:00 bis 22:30 Uhr?,383,true,true,true,10,25,#F5F3FB,
/stunden-zwischen-14-und-22/,de,stunden-zwischen,200,https://zeit-rechner.com/stunden-zwischen-14-und-22/,true,"index, follow, max-snippet:-1, max-image-preview:large",Wie viele Stunden von 14:00 bis 22:00 Uhr?,392,true,true,true,13,25,#F5F3FB,
/stunden-zwischen-14-und-23/,de,stunden-zwischen,200,https://zeit-rechner.com/stunden-zwischen-14-und-23/,true,"index, follow, max-snippet:-1, max-image-preview:large",Wie viele Stunden von 14:00 bis 23:00 Uhr?,761,true,true,true,8,25,#F5F3FB,
/stunden-zwischen-15-30-und-1-30/,de,stunden-zwischen,200,https://zeit-rechner.com/stunden-zwischen-15-30-und-1-30/,true,"index, follow, max-snippet:-1, max-image-preview:large",Wie viele Stunden von 15:30 bis 01:30 Uhr?,482,true,true,true,10,25,#F5F3FB,
/stunden-zwischen-15-30-und-16-30/,de,stunden-zwischen,200,https://zeit-rechner.com/stunden-zwischen-15-30-und-16-30/,true,"index, follow, max-snippet:-1, max-image-preview:large",Wie viele Stunden von 15:30 bis 16:30 Uhr?,362,true,true,true,12,25,#F5F3FB,
/stunden-zwischen-15-30-und-16/,de,stunden-zwischen,200,https://zeit-rechner.com/stunden-zwischen-15-30-und-16/,true,"index, follow, max-snippet:-1, max-image-preview:large",Wie viele Stunden von 15:30 bis 16:00 Uhr?,374,true,true,true,9,25,#F5F3FB,
/stunden-zwischen-15-30-und-17/,de,stunden-zwischen,200,https://zeit-rechner.com/stunden-zwischen-15-30-und-17/,true,"index, follow, max-snippet:-1, max-image-preview:large",Wie viele Stunden von 15:30 bis 17:00 Uhr?,737,true,true,true,9,25,#F5F3FB,
/stunden-zwischen-15-30-und-19-30/,de,stunden-zwischen,200,https://zeit-rechner.com/stunden-zwischen-15-30-und-19-30/,true,"index, follow, max-snippet:-1, max-image-preview:large",Wie viele Stunden von 15:30 bis 19:30 Uhr?,742,true,true,true,10,25,#F5F3FB,
/stunden-zwischen-15-30-und-20-30/,de,stunden-zwischen,200,https://zeit-rechner.com/stunden-zwischen-15-30-und-20-30/,true,"index, follow, max-snippet:-1, max-image-preview:large",Wie viele Stunden von 15:30 bis 20:30 Uhr?,729,true,true,true,10,25,#F5F3FB,
/stunden-zwischen-15-30-und-23-30/,de,stunden-zwischen,200,https://zeit-rechner.com/stunden-zwischen-15-30-und-23-30/,true,"index, follow, max-snippet:-1, max-image-preview:large",Wie viele Stunden von 15:30 bis 23:30 Uhr?,387,true,true,true,12,25,#F5F3FB,
/stunden-zwischen-15-30-und-3-30/,de,stunden-zwischen,200,https://zeit-rechner.com/stunden-zwischen-15-30-und-3-30/,true,"index, follow, max-snippet:-1, max-image-preview:large",Wie viele Stunden von 15:30 bis 03:30 Uhr?,459,true,true,true,10,25,#F5F3FB,
/stunden-zwischen-15-und-0/,de,stunden-zwischen,200,https://zeit-rechner.com/stunden-zwischen-15-und-0/,true,"index, follow, max-snippet:-1, max-image-preview:large",Wie viele Stunden von 15:00 bis 00:00 Uhr?,788,true,true,true,7,25,#F5F3FB,
/stunden-zwischen-15-und-1/,de,stunden-zwischen,200,https://zeit-rechner.com/stunden-zwischen-15-und-1/,true,"index, follow, max-snippet:-1, max-image-preview:large",Wie viele Stunden von 15:00 bis 01:00 Uhr?,477,true,true,true,10,25,#F5F3FB,
/stunden-zwischen-15-und-15-30/,de,stunden-zwischen,200,https://zeit-rechner.com/stunden-zwischen-15-und-15-30/,true,"index, follow, max-snippet:-1, max-image-preview:large",Wie viele Stunden von 15:00 bis 15:30 Uhr?,715,true,true,true,9,25,#F5F3FB,
/stunden-zwischen-15-und-16-30/,de,stunden-zwischen,200,https://zeit-rechner.com/stunden-zwischen-15-und-16-30/,true,"index, follow, max-snippet:-1, max-image-preview:large",Wie viele Stunden von 15:00 bis 16:30 Uhr?,380,true,true,true,9,25,#F5F3FB,
/stunden-zwischen-15-und-16/,de,stunden-zwischen,200,https://zeit-rechner.com/stunden-zwischen-15-und-16/,true,"index, follow, max-snippet:-1, max-image-preview:large",Wie viele Stunden von 15:00 bis 16:00 Uhr?,360,true,true,true,12,25,#F5F3FB,
/stunden-zwischen-15-und-17-30/,de,stunden-zwischen,200,https://zeit-rechner.com/stunden-zwischen-15-und-17-30/,true,"index, follow, max-snippet:-1, max-image-preview:large",Wie viele Stunden von 15:00 bis 17:30 Uhr?,737,true,true,true,10,25,#F5F3FB,
/stunden-zwischen-15-und-17/,de,stunden-zwischen,200,https://zeit-rechner.com/stunden-zwischen-15-und-17/,true,"index, follow, max-snippet:-1, max-image-preview:large",Wie viele Stunden von 15:00 bis 17:00 Uhr?,725,true,true,true,10,25,#F5F3FB,
/stunden-zwischen-15-und-18/,de,stunden-zwischen,200,https://zeit-rechner.com/stunden-zwischen-15-und-18/,true,"index, follow, max-snippet:-1, max-image-preview:large",Wie viele Stunden von 15:00 bis 18:00 Uhr?,375,true,true,true,9,25,#F5F3FB,
/stunden-zwischen-15-und-19/,de,stunden-zwischen,200,https://zeit-rechner.com/stunden-zwischen-15-und-19/,true,"index, follow, max-snippet:-1, max-image-preview:large",Wie viele Stunden von 15:00 bis 19:00 Uhr?,729,true,true,true,10,25,#F5F3FB,
/stunden-zwischen-15-und-20/,de,stunden-zwischen,200,https://zeit-rechner.com/stunden-zwischen-15-und-20/,true,"index, follow, max-snippet:-1, max-image-preview:large",Wie viele Stunden von 15:00 bis 20:00 Uhr?,743,true,true,true,10,25,#F5F3FB,
/stunden-zwischen-15-und-21/,de,stunden-zwischen,200,https://zeit-rechner.com/stunden-zwischen-15-und-21/,true,"index, follow, max-snippet:-1, max-image-preview:large",Wie viele Stunden von 15:00 bis 21:00 Uhr?,384,true,true,true,8,25,#F5F3FB,
/stunden-zwischen-15-und-22/,de,stunden-zwischen,200,https://zeit-rechner.com/stunden-zwischen-15-und-22/,true,"index, follow, max-snippet:-1, max-image-preview:large",Wie viele Stunden von 15:00 bis 22:00 Uhr?,739,true,true,true,7,25,#F5F3FB,
/stunden-zwischen-15-und-23-30/,de,stunden-zwischen,200,https://zeit-rechner.com/stunden-zwischen-15-und-23-30/,true,"index, follow, max-snippet:-1, max-image-preview:large",Wie viele Stunden von 15:00 bis 23:30 Uhr?,425,true,true,true,10,25,#F5F3FB,
/stunden-zwischen-15-und-23/,de,stunden-zwischen,200,https://zeit-rechner.com/stunden-zwischen-15-und-23/,true,"index, follow, max-snippet:-1, max-image-preview:large",Wie viele Stunden von 15:00 bis 23:00 Uhr?,361,true,true,true,14,25,#F5F3FB,
/stunden-zwischen-15-und-3/,de,stunden-zwischen,200,https://zeit-rechner.com/stunden-zwischen-15-und-3/,true,"index, follow, max-snippet:-1, max-image-preview:large",Wie viele Stunden von 15:00 bis 03:00 Uhr?,453,true,true,true,10,25,#F5F3FB,
/stunden-zwischen-16-30-und-0-30/,de,stunden-zwischen,200,https://zeit-rechner.com/stunden-zwischen-16-30-und-0-30/,true,"index, follow, max-snippet:-1, max-image-preview:large",Wie viele Stunden von 16:30 bis 00:30 Uhr?,433,true,true,true,13,25,#F5F3FB,
/stunden-zwischen-16-30-und-17-30/,de,stunden-zwischen,200,https://zeit-rechner.com/stunden-zwischen-16-30-und-17-30/,true,"index, follow, max-snippet:-1, max-image-preview:large",Wie viele Stunden von 16:30 bis 17:30 Uhr?,364,true,true,true,12,25,#F5F3FB,
/stunden-zwischen-16-30-und-17/,de,stunden-zwischen,200,https://zeit-rechner.com/stunden-zwischen-16-30-und-17/,true,"index, follow, max-snippet:-1, max-image-preview:large",Wie viele Stunden von 16:30 bis 17:00 Uhr?,353,true,true,true,9,25,#F5F3FB,
/stunden-zwischen-16-30-und-18/,de,stunden-zwischen,200,https://zeit-rechner.com/stunden-zwischen-16-30-und-18/,true,"index, follow, max-snippet:-1, max-image-preview:large",Wie viele Stunden von 16:30 bis 18:00 Uhr?,735,true,true,true,10,25,#F5F3FB,
/stunden-zwischen-16-30-und-2-30/,de,stunden-zwischen,200,https://zeit-rechner.com/stunden-zwischen-16-30-und-2-30/,true,"index, follow, max-snippet:-1, max-image-preview:large",Wie viele Stunden von 16:30 bis 02:30 Uhr?,460,true,true,true,10,25,#F5F3FB,
/stunden-zwischen-16-30-und-20-30/,de,stunden-zwischen,200,https://zeit-rechner.com/stunden-zwischen-16-30-und-20-30/,true,"index, follow, max-snippet:-1, max-image-preview:large",Wie viele Stunden von 16:30 bis 20:30 Uhr?,393,true,true,true,10,25,#F5F3FB,
/stunden-zwischen-16-30-und-21-30/,de,stunden-zwischen,200,https://zeit-rechner.com/stunden-zwischen-16-30-und-21-30/,true,"index, follow, max-snippet:-1, max-image-preview:large",Wie viele Stunden von 16:30 bis 21:30 Uhr?,742,true,true,true,10,25,#F5F3FB,
/stunden-zwischen-16-30-und-4-30/,de,stunden-zwischen,200,https://zeit-rechner.com/stunden-zwischen-16-30-und-4-30/,true,"index, follow, max-snippet:-1, max-image-preview:large",Wie viele Stunden von 16:30 bis 04:30 Uhr?,448,true,true,true,10,25,#F5F3FB,
/stunden-zwischen-16-und-0-30/,de,stunden-zwischen,200,https://zeit-rechner.com/stunden-zwischen-16-und-0-30/,true,"index, follow, max-snippet:-1, max-image-preview:large",Wie viele Stunden von 16:00 bis 00:30 Uhr?,439,true,true,true,10,25,#F5F3FB,
/stunden-zwischen-16-und-0/,de,stunden-zwischen,200,https://zeit-rechner.com/stunden-zwischen-16-und-0/,true,"index, follow, max-snippet:-1, max-image-preview:large",Wie viele Stunden von 16:00 bis 00:00 Uhr?,457,true,true,true,12,25,#F5F3FB,
/stunden-zwischen-16-und-1/,de,stunden-zwischen,200,https://zeit-rechner.com/stunden-zwischen-16-und-1/,true,"index, follow, max-snippet:-1, max-image-preview:large",Wie viele Stunden von 16:00 bis 01:00 Uhr?,798,true,true,true,7,25,#F5F3FB,
/stunden-zwischen-16-und-16-30/,de,stunden-zwischen,200,https://zeit-rechner.com/stunden-zwischen-16-und-16-30/,true,"index, follow, max-snippet:-1, max-image-preview:large",Wie viele Stunden von 16:00 bis 16:30 Uhr?,730,true,true,true,9,25,#F5F3FB,
/stunden-zwischen-16-und-17-30/,de,stunden-zwischen,200,https://zeit-rechner.com/stunden-zwischen-16-und-17-30/,true,"index, follow, max-snippet:-1, max-image-preview:large",Wie viele Stunden von 16:00 bis 17:30 Uhr?,375,true,true,true,10,25,#F5F3FB,
/stunden-zwischen-16-und-17/,de,stunden-zwischen,200,https://zeit-rechner.com/stunden-zwischen-16-und-17/,true,"index, follow, max-snippet:-1, max-image-preview:large",Wie viele Stunden von 16:00 bis 17:00 Uhr?,366,true,true,true,12,25,#F5F3FB,
/stunden-zwischen-16-und-18-30/,de,stunden-zwischen,200,https://zeit-rechner.com/stunden-zwischen-16-und-18-30/,true,"index, follow, max-snippet:-1, max-image-preview:large",Wie viele Stunden von 16:00 bis 18:30 Uhr?,715,true,true,true,8,25,#F5F3FB,
/stunden-zwischen-16-und-18/,de,stunden-zwischen,200,https://zeit-rechner.com/stunden-zwischen-16-und-18/,true,"index, follow, max-snippet:-1, max-image-preview:large",Wie viele Stunden von 16:00 bis 18:00 Uhr?,718,true,true,true,10,25,#F5F3FB,
/stunden-zwischen-16-und-19/,de,stunden-zwischen,200,https://zeit-rechner.com/stunden-zwischen-16-und-19/,true,"index, follow, max-snippet:-1, max-image-preview:large",Wie viele Stunden von 16:00 bis 19:00 Uhr?,363,true,true,true,9,25,#F5F3FB,
/stunden-zwischen-16-und-2/,de,stunden-zwischen,200,https://zeit-rechner.com/stunden-zwischen-16-und-2/,true,"index, follow, max-snippet:-1, max-image-preview:large",Wie viele Stunden von 16:00 bis 02:00 Uhr?,453,true,true,true,10,25,#F5F3FB,
/stunden-zwischen-16-und-20/,de,stunden-zwischen,200,https://zeit-rechner.com/stunden-zwischen-16-und-20/,true,"index, follow, max-snippet:-1, max-image-preview:large",Wie viele Stunden von 16:00 bis 20:00 Uhr?,388,true,true,true,11,25,#F5F3FB,
/stunden-zwischen-16-und-21/,de,stunden-zwischen,200,https://zeit-rechner.com/stunden-zwischen-16-und-21/,true,"index, follow, max-snippet:-1, max-image-preview:large",Wie viele Stunden von 16:00 bis 21:00 Uhr?,738,true,true,true,10,25,#F5F3FB,
/stunden-zwischen-16-und-22/,de,stunden-zwischen,200,https://zeit-rechner.com/stunden-zwischen-16-und-22/,true,"index, follow, max-snippet:-1, max-image-preview:large",Wie viele Stunden von 16:00 bis 22:00 Uhr?,392,true,true,true,7,25,#F5F3FB,
/stunden-zwischen-16-und-23/,de,stunden-zwischen,200,https://zeit-rechner.com/stunden-zwischen-16-und-23/,true,"index, follow, max-snippet:-1, max-image-preview:large",Wie viele Stunden von 16:00 bis 23:00 Uhr?,724,true,true,true,7,25,#F5F3FB,
/stunden-zwischen-16-und-4/,de,stunden-zwischen,200,https://zeit-rechner.com/stunden-zwischen-16-und-4/,true,"index, follow, max-snippet:-1, max-image-preview:large",Wie viele Stunden von 16:00 bis 04:00 Uhr?,482,true,true,true,10,25,#F5F3FB,
/stunden-zwischen-17-30-und-1-30/,de,stunden-zwischen,200,https://zeit-rechner.com/stunden-zwischen-17-30-und-1-30/,true,"index, follow, max-snippet:-1, max-image-preview:large",Wie viele Stunden von 17:30 bis 01:30 Uhr?,422,true,true,true,11,25,#F5F3FB,
/stunden-zwischen-17-30-und-18-30/,de,stunden-zwischen,200,https://zeit-rechner.com/stunden-zwischen-17-30-und-18-30/,true,"index, follow, max-snippet:-1, max-image-preview:large",Wie viele Stunden von 17:30 bis 18:30 Uhr?,366,true,true,true,12,25,#F5F3FB,
/stunden-zwischen-17-30-und-18/,de,stunden-zwischen,200,https://zeit-rechner.com/stunden-zwischen-17-30-und-18/,true,"index, follow, max-snippet:-1, max-image-preview:large",Wie viele Stunden von 17:30 bis 18:00 Uhr?,378,true,true,true,9,25,#F5F3FB,
/stunden-zwischen-17-30-und-19/,de,stunden-zwischen,200,https://zeit-rechner.com/stunden-zwischen-17-30-und-19/,true,"index, follow, max-snippet:-1, max-image-preview:large",Wie viele Stunden von 17:30 bis 19:00 Uhr?,726,true,true,true,10,25,#F5F3FB,
/stunden-zwischen-17-30-und-21-30/,de,stunden-zwischen,200,https://zeit-rechner.com/stunden-zwischen-17-30-und-21-30/,true,"index, follow, max-snippet:-1, max-image-preview:large",Wie viele Stunden von 17:30 bis 21:30 Uhr?,377,true,true,true,11,25,#F5F3FB,
/stunden-zwischen-17-30-und-22-30/,de,stunden-zwischen,200,https://zeit-rechner.com/stunden-zwischen-17-30-und-22-30/,true,"index, follow, max-snippet:-1, max-image-preview:large",Wie viele Stunden von 17:30 bis 22:30 Uhr?,743,true,true,true,10,25,#F5F3FB,
/stunden-zwischen-17-30-und-3-30/,de,stunden-zwischen,200,https://zeit-rechner.com/stunden-zwischen-17-30-und-3-30/,true,"index, follow, max-snippet:-1, max-image-preview:large",Wie viele Stunden von 17:30 bis 03:30 Uhr?,471,true,true,true,10,25,#F5F3FB,
/stunden-zwischen-17-30-und-5-30/,de,stunden-zwischen,200,https://zeit-rechner.com/stunden-zwischen-17-30-und-5-30/,true,"index, follow, max-snippet:-1, max-image-preview:large",Wie viele Stunden von 17:30 bis 05:30 Uhr?,470,true,true,true,10,25,#F5F3FB,
/stunden-zwischen-17-und-0/,de,stunden-zwischen,200,https://zeit-rechner.com/stunden-zwischen-17-und-0/,true,"index, follow, max-snippet:-1, max-image-preview:large",Wie viele Stunden von 17:00 bis 00:00 Uhr?,793,true,true,true,8,25,#F5F3FB,
/stunden-zwischen-17-und-1-30/,de,stunden-zwischen,200,https://zeit-rechner.com/stunden-zwischen-17-und-1-30/,true,"index, follow, max-snippet:-1, max-image-preview:large",Wie viele Stunden von 17:00 bis 01:30 Uhr?,451,true,true,true,11,25,#F5F3FB,
/stunden-zwischen-17-und-1/,de,stunden-zwischen,200,https://zeit-rechner.com/stunden-zwischen-17-und-1/,true,"index, follow, max-snippet:-1, max-image-preview:large",Wie viele Stunden von 17:00 bis 01:00 Uhr?,422,true,true,true,12,25,#F5F3FB,
/stunden-zwischen-17-und-17-30/,de,stunden-zwischen,200,https://zeit-rechner.com/stunden-zwischen-17-und-17-30/,true,"index, follow, max-snippet:-1, max-image-preview:large",Wie viele Stunden von 17:00 bis 17:30 Uhr?,726,true,true,true,9,25,#F5F3FB,
/stunden-zwischen-17-und-18-30/,de,stunden-zwischen,200,https://zeit-rechner.com/stunden-zwischen-17-und-18-30/,true,"index, follow, max-snippet:-1, max-image-preview:large",Wie viele Stunden von 17:00 bis 18:30 Uhr?,364,true,true,true,11,25,#F5F3FB,
/stunden-zwischen-17-und-18/,de,stunden-zwischen,200,https://zeit-rechner.com/stunden-zwischen-17-und-18/,true,"index, follow, max-snippet:-1, max-image-preview:large",Wie viele Stunden von 17:00 bis 18:00 Uhr?,362,true,true,true,12,25,#F5F3FB,
/stunden-zwischen-17-und-19-30/,de,stunden-zwischen,200,https://zeit-rechner.com/stunden-zwischen-17-und-19-30/,true,"index, follow, max-snippet:-1, max-image-preview:large",Wie viele Stunden von 17:00 bis 19:30 Uhr?,728,true,true,true,9,25,#F5F3FB,
/stunden-zwischen-17-und-19/,de,stunden-zwischen,200,https://zeit-rechner.com/stunden-zwischen-17-und-19/,true,"index, follow, max-snippet:-1, max-image-preview:large",Wie viele Stunden von 17:00 bis 19:00 Uhr?,714,true,true,true,9,25,#F5F3FB,
/stunden-zwischen-17-und-2/,de,stunden-zwischen,200,https://zeit-rechner.com/stunden-zwischen-17-und-2/,true,"index, follow, max-snippet:-1, max-image-preview:large",Wie viele Stunden von 17:00 bis 02:00 Uhr?,820,true,true,true,7,25,#F5F3FB,
/stunden-zwischen-17-und-20/,de,stunden-zwischen,200,https://zeit-rechner.com/stunden-zwischen-17-und-20/,true,"index, follow, max-snippet:-1, max-image-preview:large",Wie viele Stunden von 17:00 bis 20:00 Uhr?,711,true,true,true,8,25,#F5F3FB,
/stunden-zwischen-17-und-21/,de,stunden-zwischen,200,https://zeit-rechner.com/stunden-zwischen-17-und-21/,true,"index, follow, max-snippet:-1, max-image-preview:large",Wie viele Stunden von 17:00 bis 21:00 Uhr?,382,true,true,true,11,25,#F5F3FB,
/stunden-zwischen-17-und-22/,de,stunden-zwischen,200,https://zeit-rechner.com/stunden-zwischen-17-und-22/,true,"index, follow, max-snippet:-1, max-image-preview:large",Wie viele Stunden von 17:00 bis 22:00 Uhr?,745,true,true,true,10,25,#F5F3FB,
/stunden-zwischen-17-und-23/,de,stunden-zwischen,200,https://zeit-rechner.com/stunden-zwischen-17-und-23/,true,"index, follow, max-snippet:-1, max-image-preview:large",Wie viele Stunden von 17:00 bis 23:00 Uhr?,384,true,true,true,8,25,#F5F3FB,
/stunden-zwischen-17-und-3/,de,stunden-zwischen,200,https://zeit-rechner.com/stunden-zwischen-17-und-3/,true,"index, follow, max-snippet:-1, max-image-preview:large",Wie viele Stunden von 17:00 bis 03:00 Uhr?,477,true,true,true,10,25,#F5F3FB,
/stunden-zwischen-17-und-5/,de,stunden-zwischen,200,https://zeit-rechner.com/stunden-zwischen-17-und-5/,true,"index, follow, max-snippet:-1, max-image-preview:large",Wie viele Stunden von 17:00 bis 05:00 Uhr?,444,true,true,true,10,25,#F5F3FB,
/stunden-zwischen-18-30-und-0-30/,de,stunden-zwischen,200,https://zeit-rechner.com/stunden-zwischen-18-30-und-0-30/,true,"index, follow, max-snippet:-1, max-image-preview:large",Wie viele Stunden von 18:30 bis 00:30 Uhr?,431,true,true,true,9,25,#F5F3FB,
/stunden-zwischen-18-30-und-1-30/,de,stunden-zwischen,200,https://zeit-rechner.com/stunden-zwischen-18-30-und-1-30/,true,"index, follow, max-snippet:-1, max-image-preview:large",Wie viele Stunden von 18:30 bis 01:30 Uhr?,802,true,true,true,9,25,#F5F3FB,
/stunden-zwischen-18-30-und-19-30/,de,stunden-zwischen,200,https://zeit-rechner.com/stunden-zwischen-18-30-und-19-30/,true,"index, follow, max-snippet:-1, max-image-preview:large",Wie viele Stunden von 18:30 bis 19:30 Uhr?,372,true,true,true,12,25,#F5F3FB,
/stunden-zwischen-18-30-und-19/,de,stunden-zwischen,200,https://zeit-rechner.com/stunden-zwischen-18-30-und-19/,true,"index, follow, max-snippet:-1, max-image-preview:large",Wie viele Stunden von 18:30 bis 19:00 Uhr?,357,true,true,true,9,25,#F5F3FB,
/stunden-zwischen-18-30-und-2-30/,de,stunden-zwischen,200,https://zeit-rechner.com/stunden-zwischen-18-30-und-2-30/,true,"index, follow, max-snippet:-1, max-image-preview:large",Wie viele Stunden von 18:30 bis 02:30 Uhr?,444,true,true,true,13,25,#F5F3FB,
/stunden-zwischen-18-30-und-20/,de,stunden-zwischen,200,https://zeit-rechner.com/stunden-zwischen-18-30-und-20/,true,"index, follow, max-snippet:-1, max-image-preview:large",Wie viele Stunden von 18:30 bis 20:00 Uhr?,380,true,true,true,9,25,#F5F3FB,
/stunden-zwischen-18-30-und-22-30/,de,stunden-zwischen,200,https://zeit-rechner.com/stunden-zwischen-18-30-und-22-30/,true,"index, follow, max-snippet:-1, max-image-preview:large",Wie viele Stunden von 18:30 bis 22:30 Uhr?,383,true,true,true,10,25,#F5F3FB,
/stunden-zwischen-18-30-und-23-30/,de,stunden-zwischen,200,https://zeit-rechner.com/stunden-zwischen-18-30-und-23-30/,true,"index, follow, max-snippet:-1, max-image-preview:large",Wie viele Stunden von 18:30 bis 23:30 Uhr?,766,true,true,true,11,25,#F5F3FB,
/stunden-zwischen-18-30-und-3-30/,de,stunden-zwischen,200,https://zeit-rechner.com/stunden-zwischen-18-30-und-3-30/,true,"index, follow, max-snippet:-1, max-image-preview:large",Wie viele Stunden von 18:30 bis 03:30 Uhr?,804,true,true,true,11,25,#F5F3FB,
/stunden-zwischen-18-30-und-3/,de,stunden-zwischen,200,https://zeit-rechner.com/stunden-zwischen-18-30-und-3/,true,"index, follow, max-snippet:-1, max-image-preview:large",Wie viele Stunden von 18:30 bis 03:00 Uhr?,805,true,true,true,13,25,#F5F3FB,
/stunden-zwischen-18-30-und-4-30/,de,stunden-zwischen,200,https://zeit-rechner.com/stunden-zwischen-18-30-und-4-30/,true,"index, follow, max-snippet:-1, max-image-preview:large",Wie viele Stunden von 18:30 bis 04:30 Uhr?,471,true,true,true,10,25,#F5F3FB,
/stunden-zwischen-18-30-und-6-30/,de,stunden-zwischen,200,https://zeit-rechner.com/stunden-zwischen-18-30-und-6-30/,true,"index, follow, max-snippet:-1, max-image-preview:large",Wie viele Stunden von 18:30 bis 06:30 Uhr?,470,true,true,true,10,25,#F5F3FB,
/stunden-zwischen-18-und-0/,de,stunden-zwischen,200,https://zeit-rechner.com/stunden-zwischen-18-und-0/,true,"index, follow, max-snippet:-1, max-image-preview:large",Wie viele Stunden von 18:00 bis 00:00 Uhr?,433,true,true,true,9,25,#F5F3FB,
/stunden-zwischen-18-und-1/,de,stunden-zwischen,200,https://zeit-rechner.com/stunden-zwischen-18-und-1/,true,"index, follow, max-snippet:-1, max-image-preview:large",Wie viele Stunden von 18:00 bis 01:00 Uhr?,807,true,true,true,9,25,#F5F3FB,
/stunden-zwischen-18-und-18-30/,de,stunden-zwischen,200,https://zeit-rechner.com/stunden-zwischen-18-und-18-30/,true,"index, follow, max-snippet:-1, max-image-preview:large",Wie viele Stunden von 18:00 bis 18:30 Uhr?,737,true,true,true,9,25,#F5F3FB,
/stunden-zwischen-18-und-19-30/,de,stunden-zwischen,200,https://zeit-rechner.com/stunden-zwischen-18-und-19-30/,true,"index, follow, max-snippet:-1, max-image-preview:large",Wie viele Stunden von 18:00 bis 19:30 Uhr?,369,true,true,true,10,25,#F5F3FB,
/stunden-zwischen-18-und-19/,de,stunden-zwischen,200,https://zeit-rechner.com/stunden-zwischen-18-und-19/,true,"index, follow, max-snippet:-1, max-image-preview:large",Wie viele Stunden von 18:00 bis 19:00 Uhr?,368,true,true,true,12,25,#F5F3FB,
/stunden-zwischen-18-und-2-30/,de,stunden-zwischen,200,https://zeit-rechner.com/stunden-zwischen-18-und-2-30/,true,"index, follow, max-snippet:-1, max-image-preview:large",Wie viele Stunden von 18:00 bis 02:30 Uhr?,422,true,true,true,11,25,#F5F3FB,
/stunden-zwischen-18-und-2/,de,stunden-zwischen,200,https://zeit-rechner.com/stunden-zwischen-18-und-2/,true,"index, follow, max-snippet:-1, max-image-preview:large",Wie viele Stunden von 18:00 bis 02:00 Uhr?,435,true,true,true,12,25,#F5F3FB,
/stunden-zwischen-18-und-20-30/,de,stunden-zwischen,200,https://zeit-rechner.com/stunden-zwischen-18-und-20-30/,true,"index, follow, max-snippet:-1, max-image-preview:large",Wie viele Stunden von 18:00 bis 20:30 Uhr?,360,true,true,true,7,25,#F5F3FB,
/stunden-zwischen-18-und-20/,de,stunden-zwischen,200,https://zeit-rechner.com/stunden-zwischen-18-und-20/,true,"index, follow, max-snippet:-1, max-image-preview:large",Wie viele Stunden von 18:00 bis 20:00 Uhr?,369,true,true,true,8,25,#F5F3FB,
/stunden-zwischen-18-und-21/,de,stunden-zwischen,200,https://zeit-rechner.com/stunden-zwischen-18-und-21/,true,"index, follow, max-snippet:-1, max-image-preview:large",Wie viele Stunden von 18:00 bis 21:00 Uhr?,722,true,true,true,6,25,#F5F3FB,
/stunden-zwischen-18-und-22/,de,stunden-zwischen,200,https://zeit-rechner.com/stunden-zwischen-18-und-22/,true,"index, follow, max-snippet:-1, max-image-preview:large",Wie viele Stunden von 18:00 bis 22:00 Uhr?,386,true,true,true,11,25,#F5F3FB,
/stunden-zwischen-18-und-23/,de,stunden-zwischen,200,https://zeit-rechner.com/stunden-zwischen-18-und-23/,true,"index, follow, max-snippet:-1, max-image-preview:large",Wie viele Stunden von 18:00 bis 23:00 Uhr?,729,true,true,true,10,25,#F5F3FB,
/stunden-zwischen-18-und-3/,de,stunden-zwischen,200,https://zeit-rechner.com/stunden-zwischen-18-und-3/,true,"index, follow, max-snippet:-1, max-image-preview:large",Wie viele Stunden von 18:00 bis 03:00 Uhr?,804,true,true,true,9,25,#F5F3FB,
/stunden-zwischen-18-und-4/,de,stunden-zwischen,200,https://zeit-rechner.com/stunden-zwischen-18-und-4/,true,"index, follow, max-snippet:-1, max-image-preview:large",Wie viele Stunden von 18:00 bis 04:00 Uhr?,444,true,true,true,9,25,#F5F3FB,
/stunden-zwischen-18-und-6/,de,stunden-zwischen,200,https://zeit-rechner.com/stunden-zwischen-18-und-6/,true,"index, follow, max-snippet:-1, max-image-preview:large",Wie viele Stunden von 18:00 bis 06:00 Uhr?,479,true,true,true,10,25,#F5F3FB,
/stunden-zwischen-19-30-und-0-30/,de,stunden-zwischen,200,https://zeit-rechner.com/stunden-zwischen-19-30-und-0-30/,true,"index, follow, max-snippet:-1, max-image-preview:large",Wie viele Stunden von 19:30 bis 00:30 Uhr?,780,true,true,true,11,25,#F5F3FB,
/stunden-zwischen-19-30-und-1-30/,de,stunden-zwischen,200,https://zeit-rechner.com/stunden-zwischen-19-30-und-1-30/,true,"index, follow, max-snippet:-1, max-image-preview:large",Wie viele Stunden von 19:30 bis 01:30 Uhr?,442,true,true,true,10,25,#F5F3FB,
/stunden-zwischen-19-30-und-2-30/,de,stunden-zwischen,200,https://zeit-rechner.com/stunden-zwischen-19-30-und-2-30/,true,"index, follow, max-snippet:-1, max-image-preview:large",Wie viele Stunden von 19:30 bis 02:30 Uhr?,780,true,true,true,10,25,#F5F3FB,
/stunden-zwischen-19-30-und-20-30/,de,stunden-zwischen,200,https://zeit-rechner.com/stunden-zwischen-19-30-und-20-30/,true,"index, follow, max-snippet:-1, max-image-preview:large",Wie viele Stunden von 19:30 bis 20:30 Uhr?,723,true,true,true,13,25,#F5F3FB,
/stunden-zwischen-19-30-und-20/,de,stunden-zwischen,200,https://zeit-rechner.com/stunden-zwischen-19-30-und-20/,true,"index, follow, max-snippet:-1, max-image-preview:large",Wie viele Stunden von 19:30 bis 20:00 Uhr?,728,true,true,true,9,25,#F5F3FB,
/stunden-zwischen-19-30-und-21/,de,stunden-zwischen,200,https://zeit-rechner.com/stunden-zwischen-19-30-und-21/,true,"index, follow, max-snippet:-1, max-image-preview:large",Wie viele Stunden von 19:30 bis 21:00 Uhr?,360,true,true,true,10,25,#F5F3FB,
/stunden-zwischen-19-30-und-23-30/,de,stunden-zwischen,200,https://zeit-rechner.com/stunden-zwischen-19-30-und-23-30/,true,"index, follow, max-snippet:-1, max-image-preview:large",Wie viele Stunden von 19:30 bis 23:30 Uhr?,399,true,true,true,11,25,#F5F3FB,
/stunden-zwischen-19-30-und-3-30/,de,stunden-zwischen,200,https://zeit-rechner.com/stunden-zwischen-19-30-und-3-30/,true,"index, follow, max-snippet:-1, max-image-preview:large",Wie viele Stunden von 19:30 bis 03:30 Uhr?,444,true,true,true,12,25,#F5F3FB,
/stunden-zwischen-19-30-und-4-30/,de,stunden-zwischen,200,https://zeit-rechner.com/stunden-zwischen-19-30-und-4-30/,true,"index, follow, max-snippet:-1, max-image-preview:large",Wie viele Stunden von 19:30 bis 04:30 Uhr?,829,true,true,true,10,25,#F5F3FB,
/stunden-zwischen-19-30-und-4/,de,stunden-zwischen,200,https://zeit-rechner.com/stunden-zwischen-19-30-und-4/,true,"index, follow, max-snippet:-1, max-image-preview:large",Wie viele Stunden von 19:30 bis 04:00 Uhr?,792,true,true,true,13,25,#F5F3FB,
/stunden-zwischen-19-30-und-5-30/,de,stunden-zwischen,200,https://zeit-rechner.com/stunden-zwischen-19-30-und-5-30/,true,"index, follow, max-snippet:-1, max-image-preview:large",Wie viele Stunden von 19:30 bis 05:30 Uhr?,460,true,true,true,10,25,#F5F3FB,
/stunden-zwischen-19-30-und-7-30/,de,stunden-zwischen,200,https://zeit-rechner.com/stunden-zwischen-19-30-und-7-30/,true,"index, follow, max-snippet:-1, max-image-preview:large",Wie viele Stunden von 19:30 bis 07:30 Uhr?,448,true,true,true,14,25,#F5F3FB,
/stunden-zwischen-19-und-0/,de,stunden-zwischen,200,https://zeit-rechner.com/stunden-zwischen-19-und-0/,true,"index, follow, max-snippet:-1, max-image-preview:large",Wie viele Stunden von 19:00 bis 00:00 Uhr?,781,true,true,true,11,25,#F5F3FB,
/stunden-zwischen-19-und-1/,de,stunden-zwischen,200,https://zeit-rechner.com/stunden-zwischen-19-und-1/,true,"index, follow, max-snippet:-1, max-image-preview:large",Wie viele Stunden von 19:00 bis 01:00 Uhr?,442,true,true,true,10,25,#F5F3FB,
/stunden-zwischen-19-und-19-30/,de,stunden-zwischen,200,https://zeit-rechner.com/stunden-zwischen-19-und-19-30/,true,"index, follow, max-snippet:-1, max-image-preview:large",Wie viele Stunden von 19:00 bis 19:30 Uhr?,717,true,true,true,9,25,#F5F3FB,
/stunden-zwischen-19-und-2/,de,stunden-zwischen,200,https://zeit-rechner.com/stunden-zwischen-19-und-2/,true,"index, follow, max-snippet:-1, max-image-preview:large",Wie viele Stunden von 19:00 bis 02:00 Uhr?,791,true,true,true,10,25,#F5F3FB,
/stunden-zwischen-19-und-20-30/,de,stunden-zwischen,200,https://zeit-rechner.com/stunden-zwischen-19-und-20-30/,true,"index, follow, max-snippet:-1, max-image-preview:large",Wie viele Stunden von 19:00 bis 20:30 Uhr?,728,true,true,true,9,25,#F5F3FB,
/stunden-zwischen-19-und-20/,de,stunden-zwischen,200,https://zeit-rechner.com/stunden-zwischen-19-und-20/,true,"index, follow, max-snippet:-1, max-image-preview:large",Wie viele Stunden von 19:00 bis 20:00 Uhr?,713,true,true,true,12,25,#F5F3FB,
/stunden-zwischen-19-und-23/,de,stunden-zwischen,200,https://zeit-rechner.com/stunden-zwischen-19-und-23/,true,"index, follow, max-snippet:-1, max-image-preview:large",Wie viele Stunden von 19:00 bis 23:00 Uhr?,380,true,true,true,10,25,#F5F3FB,
/stunden-zwischen-19-und-3-30/,de,stunden-zwischen,200,https://zeit-rechner.com/stunden-zwischen-19-und-3-30/,true,"index, follow, max-snippet:-1, max-image-preview:large",Wie viele Stunden von 19:00 bis 03:30 Uhr?,435,true,true,true,13,25,#F5F3FB,
/stunden-zwischen-19-und-3/,de,stunden-zwischen,200,https://zeit-rechner.com/stunden-zwischen-19-und-3/,true,"index, follow, max-snippet:-1, max-image-preview:large",Wie viele Stunden von 19:00 bis 03:00 Uhr?,435,true,true,true,12,25,#F5F3FB,
/stunden-zwischen-19-und-4/,de,stunden-zwischen,200,https://zeit-rechner.com/stunden-zwischen-19-und-4/,true,"index, follow, max-snippet:-1, max-image-preview:large",Wie viele Stunden von 19:00 bis 04:00 Uhr?,826,true,true,true,9,25,#F5F3FB,
/stunden-zwischen-19-und-5/,de,stunden-zwischen,200,https://zeit-rechner.com/stunden-zwischen-19-und-5/,true,"index, follow, max-snippet:-1, max-image-preview:large",Wie viele Stunden von 19:00 bis 05:00 Uhr?,454,true,true,true,9,25,#F5F3FB,
/stunden-zwischen-19-und-7/,de,stunden-zwischen,200,https://zeit-rechner.com/stunden-zwischen-19-und-7/,true,"index, follow, max-snippet:-1, max-image-preview:large",Wie viele Stunden von 19:00 bis 07:00 Uhr?,459,true,true,true,10,25,#F5F3FB,
/stunden-zwischen-2-30-und-10-30/,de,stunden-zwischen,200,https://zeit-rechner.com/stunden-zwischen-2-30-und-10-30/,true,"index, follow, max-snippet:-1, max-image-preview:large",Wie viele Stunden von 02:30 bis 10:30 Uhr?,412,true,true,true,12,25,#F5F3FB,
/stunden-zwischen-2-30-und-12-30/,de,stunden-zwischen,200,https://zeit-rechner.com/stunden-zwischen-2-30-und-12-30/,true,"index, follow, max-snippet:-1, max-image-preview:large",Wie viele Stunden von 02:30 bis 12:30 Uhr?,450,true,true,true,11,25,#F5F3FB,
/stunden-zwischen-2-30-und-14-30/,de,stunden-zwischen,200,https://zeit-rechner.com/stunden-zwischen-2-30-und-14-30/,true,"index, follow, max-snippet:-1, max-image-preview:large",Wie viele Stunden von 02:30 bis 14:30 Uhr?,423,true,true,true,11,25,#F5F3FB,
/stunden-zwischen-2-30-und-3-30/,de,stunden-zwischen,200,https://zeit-rechner.com/stunden-zwischen-2-30-und-3-30/,true,"index, follow, max-snippet:-1, max-image-preview:large",Wie viele Stunden von 02:30 bis 03:30 Uhr?,418,true,true,true,13,25,#F5F3FB,
/stunden-zwischen-2-30-und-3/,de,stunden-zwischen,200,https://zeit-rechner.com/stunden-zwischen-2-30-und-3/,true,"index, follow, max-snippet:-1, max-image-preview:large",Wie viele Stunden von 02:30 bis 03:00 Uhr?,397,true,true,true,10,25,#F5F3FB,
/stunden-zwischen-2-30-und-4/,de,stunden-zwischen,200,https://zeit-rechner.com/stunden-zwischen-2-30-und-4/,true,"index, follow, max-snippet:-1, max-image-preview:large",Wie viele Stunden von 02:30 bis 04:00 Uhr?,775,true,true,true,9,25,#F5F3FB,
/stunden-zwischen-2-30-und-6-30/,de,stunden-zwischen,200,https://zeit-rechner.com/stunden-zwischen-2-30-und-6-30/,true,"index, follow, max-snippet:-1, max-image-preview:large",Wie viele Stunden von 02:30 bis 06:30 Uhr?,770,true,true,true,13,25,#F5F3FB,
/stunden-zwischen-2-30-und-7-30/,de,stunden-zwischen,200,https://zeit-rechner.com/stunden-zwischen-2-30-und-7-30/,true,"index, follow, max-snippet:-1, max-image-preview:large",Wie viele Stunden von 02:30 bis 07:30 Uhr?,410,true,true,true,13,25,#F5F3FB,
/stunden-zwischen-2-und-10/,de,stunden-zwischen,200,https://zeit-rechner.com/stunden-zwischen-2-und-10/,true,"index, follow, max-snippet:-1, max-image-preview:large",Wie viele Stunden von 02:00 bis 10:00 Uhr?,418,true,true,true,12,25,#F5F3FB,
/stunden-zwischen-2-und-12/,de,stunden-zwischen,200,https://zeit-rechner.com/stunden-zwischen-2-und-12/,true,"index, follow, max-snippet:-1, max-image-preview:large",Wie viele Stunden von 02:00 bis 12:00 Uhr?,433,true,true,true,10,25,#F5F3FB,
/stunden-zwischen-2-und-14/,de,stunden-zwischen,200,https://zeit-rechner.com/stunden-zwischen-2-und-14/,true,"index, follow, max-snippet:-1, max-image-preview:large",Wie viele Stunden von 02:00 bis 14:00 Uhr?,428,true,true,true,10,25,#F5F3FB,
/stunden-zwischen-2-und-2-30/,de,stunden-zwischen,200,https://zeit-rechner.com/stunden-zwischen-2-und-2-30/,true,"index, follow, max-snippet:-1, max-image-preview:large",Wie viele Stunden von 02:00 bis 02:30 Uhr?,777,true,true,true,12,25,#F5F3FB,
/stunden-zwischen-2-und-3-30/,de,stunden-zwischen,200,https://zeit-rechner.com/stunden-zwischen-2-und-3-30/,true,"index, follow, max-snippet:-1, max-image-preview:large",Wie viele Stunden von 02:00 bis 03:30 Uhr?,403,true,true,true,9,25,#F5F3FB,
/stunden-zwischen-2-und-3/,de,stunden-zwischen,200,https://zeit-rechner.com/stunden-zwischen-2-und-3/,true,"index, follow, max-snippet:-1, max-image-preview:large",Wie viele Stunden von 02:00 bis 03:00 Uhr?,410,true,true,true,13,25,#F5F3FB,
/stunden-zwischen-2-und-6/,de,stunden-zwischen,200,https://zeit-rechner.com/stunden-zwischen-2-und-6/,true,"index, follow, max-snippet:-1, max-image-preview:large",Wie viele Stunden von 02:00 bis 06:00 Uhr?,775,true,true,true,12,25,#F5F3FB,
/stunden-zwischen-2-und-7/,de,stunden-zwischen,200,https://zeit-rechner.com/stunden-zwischen-2-und-7/,true,"index, follow, max-snippet:-1, max-image-preview:large",Wie viele Stunden von 02:00 bis 07:00 Uhr?,418,true,true,true,13,25,#F5F3FB,
/stunden-zwischen-20-30-und-0-30/,de,stunden-zwischen,200,https://zeit-rechner.com/stunden-zwischen-20-30-und-0-30/,true,"index, follow, max-snippet:-1, max-image-preview:large",Wie viele Stunden von 20:30 bis 00:30 Uhr?,781,true,true,true,13,25,#F5F3FB,
/stunden-zwischen-20-30-und-1-30/,de,stunden-zwischen,200,https://zeit-rechner.com/stunden-zwischen-20-30-und-1-30/,true,"index, follow, max-snippet:-1, max-image-preview:large",Wie viele Stunden von 20:30 bis 01:30 Uhr?,435,true,true,true,12,25,#F5F3FB,
/stunden-zwischen-20-30-und-2-30/,de,stunden-zwischen,200,https://zeit-rechner.com/stunden-zwischen-20-30-und-2-30/,true,"index, follow, max-snippet:-1, max-image-preview:large",Wie viele Stunden von 20:30 bis 02:30 Uhr?,776,true,true,true,12,25,#F5F3FB,
/stunden-zwischen-20-30-und-21-30/,de,stunden-zwischen,200,https://zeit-rechner.com/stunden-zwischen-20-30-und-21-30/,true,"index, follow, max-snippet:-1, max-image-preview:large",Wie viele Stunden von 20:30 bis 21:30 Uhr?,362,true,true,true,12,25,#F5F3FB,
/stunden-zwischen-20-30-und-21/,de,stunden-zwischen,200,https://zeit-rechner.com/stunden-zwischen-20-30-und-21/,true,"index, follow, max-snippet:-1, max-image-preview:large",Wie viele Stunden von 20:30 bis 21:00 Uhr?,400,true,true,true,9,25,#F5F3FB,
/stunden-zwischen-20-30-und-22/,de,stunden-zwischen,200,https://zeit-rechner.com/stunden-zwischen-20-30-und-22/,true,"index, follow, max-snippet:-1, max-image-preview:large",Wie viele Stunden von 20:30 bis 22:00 Uhr?,739,true,true,true,10,25,#F5F3FB,
/stunden-zwischen-20-30-und-3-30/,de,stunden-zwischen,200,https://zeit-rechner.com/stunden-zwischen-20-30-und-3-30/,true,"index, follow, max-snippet:-1, max-image-preview:large",Wie viele Stunden von 20:30 bis 03:30 Uhr?,465,true,true,true,11,25,#F5F3FB,
/stunden-zwischen-20-30-und-4-30/,de,stunden-zwischen,200,https://zeit-rechner.com/stunden-zwischen-20-30-und-4-30/,true,"index, follow, max-snippet:-1, max-image-preview:large",Wie viele Stunden von 20:30 bis 04:30 Uhr?,813,true,true,true,9,25,#F5F3FB,
/stunden-zwischen-20-30-und-5-30/,de,stunden-zwischen,200,https://zeit-rechner.com/stunden-zwischen-20-30-und-5-30/,true,"index, follow, max-snippet:-1, max-image-preview:large",Wie viele Stunden von 20:30 bis 05:30 Uhr?,442,true,true,true,11,25,#F5F3FB,
/stunden-zwischen-20-30-und-5/,de,stunden-zwischen,200,https://zeit-rechner.com/stunden-zwischen-20-30-und-5/,true,"index, follow, max-snippet:-1, max-image-preview:large",Wie viele Stunden von 20:30 bis 05:00 Uhr?,451,true,true,true,13,25,#F5F3FB,
/stunden-zwischen-20-30-und-6-30/,de,stunden-zwischen,200,https://zeit-rechner.com/stunden-zwischen-20-30-und-6-30/,true,"index, follow, max-snippet:-1, max-image-preview:large",Wie viele Stunden von 20:30 bis 06:30 Uhr?,810,true,true,true,11,25,#F5F3FB,
/stunden-zwischen-20-30-und-8-30/,de,stunden-zwischen,200,https://zeit-rechner.com/stunden-zwischen-20-30-und-8-30/,true,"index, follow, max-snippet:-1, max-image-preview:large",Wie viele Stunden von 20:30 bis 08:30 Uhr?,825,true,true,true,12,25,#F5F3FB,
/stunden-zwischen-20-und-0/,de,stunden-zwischen,200,https://zeit-rechner.com/stunden-zwischen-20-und-0/,true,"index, follow, max-snippet:-1, max-image-preview:large",Wie viele Stunden von 20:00 bis 00:00 Uhr?,787,true,true,true,12,25,#F5F3FB,
/stunden-zwischen-20-und-1/,de,stunden-zwischen,200,https://zeit-rechner.com/stunden-zwischen-20-und-1/,true,"index, follow, max-snippet:-1, max-image-preview:large",Wie viele Stunden von 20:00 bis 01:00 Uhr?,420,true,true,true,10,25,#F5F3FB,
/stunden-zwischen-20-und-2/,de,stunden-zwischen,200,https://zeit-rechner.com/stunden-zwischen-20-und-2/,true,"index, follow, max-snippet:-1, max-image-preview:large",Wie viele Stunden von 20:00 bis 02:00 Uhr?,802,true,true,true,12,25,#F5F3FB,
/stunden-zwischen-20-und-20-30/,de,stunden-zwischen,200,https://zeit-rechner.com/stunden-zwischen-20-und-20-30/,true,"index, follow, max-snippet:-1, max-image-preview:large",Wie viele Stunden von 20:00 bis 20:30 Uhr?,737,true,true,true,9,25,#F5F3FB,
/stunden-zwischen-20-und-21-30/,de,stunden-zwischen,200,https://zeit-rechner.com/stunden-zwischen-20-und-21-30/,true,"index, follow, max-snippet:-1, max-image-preview:large",Wie viele Stunden von 20:00 bis 21:30 Uhr?,394,true,true,true,10,25,#F5F3FB,
/stunden-zwischen-20-und-21/,de,stunden-zwischen,200,https://zeit-rechner.com/stunden-zwischen-20-und-21/,true,"index, follow, max-snippet:-1, max-image-preview:large",Wie viele Stunden von 20:00 bis 21:00 Uhr?,388,true,true,true,14,25,#F5F3FB,
/stunden-zwischen-20-und-22-30/,de,stunden-zwischen,200,https://zeit-rechner.com/stunden-zwischen-20-und-22-30/,true,"index, follow, max-snippet:-1, max-image-preview:large",Wie viele Stunden von 20:00 bis 22:30 Uhr?,751,true,true,true,7,25,#F5F3FB,
/stunden-zwischen-20-und-22/,de,stunden-zwischen,200,https://zeit-rechner.com/stunden-zwischen-20-und-22/,true,"index, follow, max-snippet:-1, max-image-preview:large",Wie viele Stunden von 20:00 bis 22:00 Uhr?,733,true,true,true,8,25,#F5F3FB,
/stunden-zwischen-20-und-23/,de,stunden-zwischen,200,https://zeit-rechner.com/stunden-zwischen-20-und-23/,true,"index, follow, max-snippet:-1, max-image-preview:large",Wie viele Stunden von 20:00 bis 23:00 Uhr?,398,true,true,true,8,25,#F5F3FB,
/stunden-zwischen-20-und-3/,de,stunden-zwischen,200,https://zeit-rechner.com/stunden-zwischen-20-und-3/,true,"index, follow, max-snippet:-1, max-image-preview:large",Wie viele Stunden von 20:00 bis 03:00 Uhr?,456,true,true,true,11,25,#F5F3FB,
/stunden-zwischen-20-und-4-30/,de,stunden-zwischen,200,https://zeit-rechner.com/stunden-zwischen-20-und-4-30/,true,"index, follow, max-snippet:-1, max-image-preview:large",Wie viele Stunden von 20:00 bis 04:30 Uhr?,794,true,true,true,13,25,#F5F3FB,
/stunden-zwischen-20-und-4/,de,stunden-zwischen,200,https://zeit-rechner.com/stunden-zwischen-20-und-4/,true,"index, follow, max-snippet:-1, max-image-preview:large",Wie viele Stunden von 20:00 bis 04:00 Uhr?,780,true,true,true,9,25,#F5F3FB,
/stunden-zwischen-20-und-5/,de,stunden-zwischen,200,https://zeit-rechner.com/stunden-zwischen-20-und-5/,true,"index, follow, max-snippet:-1, max-image-preview:large",Wie viele Stunden von 20:00 bis 05:00 Uhr?,459,true,true,true,10,25,#F5F3FB,
/stunden-zwischen-20-und-6/,de,stunden-zwischen,200,https://zeit-rechner.com/stunden-zwischen-20-und-6/,true,"index, follow, max-snippet:-1, max-image-preview:large",Wie viele Stunden von 20:00 bis 06:00 Uhr?,814,true,true,true,10,25,#F5F3FB,
/stunden-zwischen-20-und-8/,de,stunden-zwischen,200,https://zeit-rechner.com/stunden-zwischen-20-und-8/,true,"index, follow, max-snippet:-1, max-image-preview:large",Wie viele Stunden von 20:00 bis 08:00 Uhr?,823,true,true,true,13,25,#F5F3FB,
/stunden-zwischen-21-30-und-1-30/,de,stunden-zwischen,200,https://zeit-rechner.com/stunden-zwischen-21-30-und-1-30/,true,"index, follow, max-snippet:-1, max-image-preview:large",Wie viele Stunden von 21:30 bis 01:30 Uhr?,796,true,true,true,11,25,#F5F3FB,
/stunden-zwischen-21-30-und-2-30/,de,stunden-zwischen,200,https://zeit-rechner.com/stunden-zwischen-21-30-und-2-30/,true,"index, follow, max-snippet:-1, max-image-preview:large",Wie viele Stunden von 21:30 bis 02:30 Uhr?,424,true,true,true,11,25,#F5F3FB,
/stunden-zwischen-21-30-und-22-30/,de,stunden-zwischen,200,https://zeit-rechner.com/stunden-zwischen-21-30-und-22-30/,true,"index, follow, max-snippet:-1, max-image-preview:large",Wie viele Stunden von 21:30 bis 22:30 Uhr?,392,true,true,true,14,25,#F5F3FB,
/stunden-zwischen-21-30-und-22/,de,stunden-zwischen,200,https://zeit-rechner.com/stunden-zwischen-21-30-und-22/,true,"index, follow, max-snippet:-1, max-image-preview:large",Wie viele Stunden von 21:30 bis 22:00 Uhr?,362,true,true,true,10,25,#F5F3FB,
/stunden-zwischen-21-30-und-23/,de,stunden-zwischen,200,https://zeit-rechner.com/stunden-zwischen-21-30-und-23/,true,"index, follow, max-snippet:-1, max-image-preview:large",Wie viele Stunden von 21:30 bis 23:00 Uhr?,744,true,true,true,11,25,#F5F3FB,
/stunden-zwischen-21-30-und-3-30/,de,stunden-zwischen,200,https://zeit-rechner.com/stunden-zwischen-21-30-und-3-30/,true,"index, follow, max-snippet:-1, max-image-preview:large",Wie viele Stunden von 21:30 bis 03:30 Uhr?,787,true,true,true,9,25,#F5F3FB,
/stunden-zwischen-21-30-und-4-30/,de,stunden-zwischen,200,https://zeit-rechner.com/stunden-zwischen-21-30-und-4-30/,true,"index, follow, max-snippet:-1, max-image-preview:large",Wie viele Stunden von 21:30 bis 04:30 Uhr?,440,true,true,true,8,25,#F5F3FB,
/stunden-zwischen-21-30-und-5-30/,de,stunden-zwischen,200,https://zeit-rechner.com/stunden-zwischen-21-30-und-5-30/,true,"index, follow, max-snippet:-1, max-image-preview:large",Wie viele Stunden von 21:30 bis 05:30 Uhr?,813,true,true,true,10,25,#F5F3FB,
/stunden-zwischen-21-30-und-6-30/,de,stunden-zwischen,200,https://zeit-rechner.com/stunden-zwischen-21-30-und-6-30/,true,"index, follow, max-snippet:-1, max-image-preview:large",Wie viele Stunden von 21:30 bis 06:30 Uhr?,464,true,true,true,9,25,#F5F3FB,
/stunden-zwischen-21-30-und-6/,de,stunden-zwischen,200,https://zeit-rechner.com/stunden-zwischen-21-30-und-6/,true,"index, follow, max-snippet:-1, max-image-preview:large",Wie viele Stunden von 21:30 bis 06:00 Uhr?,456,true,true,true,13,25,#F5F3FB,
/stunden-zwischen-21-30-und-7-30/,de,stunden-zwischen,200,https://zeit-rechner.com/stunden-zwischen-21-30-und-7-30/,true,"index, follow, max-snippet:-1, max-image-preview:large",Wie viele Stunden von 21:30 bis 07:30 Uhr?,799,true,true,true,9,25,#F5F3FB,
/stunden-zwischen-21-30-und-9-30/,de,stunden-zwischen,200,https://zeit-rechner.com/stunden-zwischen-21-30-und-9-30/,true,"index, follow, max-snippet:-1, max-image-preview:large",Wie viele Stunden von 21:30 bis 09:30 Uhr?,803,true,true,true,10,25,#F5F3FB,
/stunden-zwischen-21-und-1/,de,stunden-zwischen,200,https://zeit-rechner.com/stunden-zwischen-21-und-1/,true,"index, follow, max-snippet:-1, max-image-preview:large",Wie viele Stunden von 21:00 bis 01:00 Uhr?,802,true,true,true,12,25,#F5F3FB,
/stunden-zwischen-21-und-2/,de,stunden-zwischen,200,https://zeit-rechner.com/stunden-zwischen-21-und-2/,true,"index, follow, max-snippet:-1, max-image-preview:large",Wie viele Stunden von 21:00 bis 02:00 Uhr?,430,true,true,true,12,25,#F5F3FB,
/stunden-zwischen-21-und-21-30/,de,stunden-zwischen,200,https://zeit-rechner.com/stunden-zwischen-21-und-21-30/,true,"index, follow, max-snippet:-1, max-image-preview:large",Wie viele Stunden von 21:00 bis 21:30 Uhr?,751,true,true,true,10,25,#F5F3FB,
/stunden-zwischen-21-und-22-30/,de,stunden-zwischen,200,https://zeit-rechner.com/stunden-zwischen-21-und-22-30/,true,"index, follow, max-snippet:-1, max-image-preview:large",Wie viele Stunden von 21:00 bis 22:30 Uhr?,394,true,true,true,10,25,#F5F3FB,
/stunden-zwischen-21-und-22/,de,stunden-zwischen,200,https://zeit-rechner.com/stunden-zwischen-21-und-22/,true,"index, follow, max-snippet:-1, max-image-preview:large",Wie viele Stunden von 21:00 bis 22:00 Uhr?,362,true,true,true,12,25,#F5F3FB,
/stunden-zwischen-21-und-3/,de,stunden-zwischen,200,https://zeit-rechner.com/stunden-zwischen-21-und-3/,true,"index, follow, max-snippet:-1, max-image-preview:large",Wie viele Stunden von 21:00 bis 03:00 Uhr?,787,true,true,true,10,25,#F5F3FB,
/stunden-zwischen-21-und-4/,de,stunden-zwischen,200,https://zeit-rechner.com/stunden-zwischen-21-und-4/,true,"index, follow, max-snippet:-1, max-image-preview:large",Wie viele Stunden von 21:00 bis 04:00 Uhr?,439,true,true,true,9,25,#F5F3FB,
/stunden-zwischen-21-und-5-30/,de,stunden-zwischen,200,https://zeit-rechner.com/stunden-zwischen-21-und-5-30/,true,"index, follow, max-snippet:-1, max-image-preview:large",Wie viele Stunden von 21:00 bis 05:30 Uhr?,797,true,true,true,13,25,#F5F3FB,
/stunden-zwischen-21-und-5/,de,stunden-zwischen,200,https://zeit-rechner.com/stunden-zwischen-21-und-5/,true,"index, follow, max-snippet:-1, max-image-preview:large",Wie viele Stunden von 21:00 bis 05:00 Uhr?,784,true,true,true,11,25,#F5F3FB,
/stunden-zwischen-21-und-6/,de,stunden-zwischen,200,https://zeit-rechner.com/stunden-zwischen-21-und-6/,true,"index, follow, max-snippet:-1, max-image-preview:large",Wie viele Stunden von 21:00 bis 06:00 Uhr?,482,true,true,true,10,25,#F5F3FB,
/stunden-zwischen-21-und-7/,de,stunden-zwischen,200,https://zeit-rechner.com/stunden-zwischen-21-und-7/,true,"index, follow, max-snippet:-1, max-image-preview:large",Wie viele Stunden von 21:00 bis 07:00 Uhr?,801,true,true,true,10,25,#F5F3FB,
/stunden-zwischen-21-und-9/,de,stunden-zwischen,200,https://zeit-rechner.com/stunden-zwischen-21-und-9/,true,"index, follow, max-snippet:-1, max-image-preview:large",Wie viele Stunden von 21:00 bis 09:00 Uhr?,815,true,true,true,11,25,#F5F3FB,
/stunden-zwischen-22-30-und-0/,de,stunden-zwischen,200,https://zeit-rechner.com/stunden-zwischen-22-30-und-0/,true,"index, follow, max-snippet:-1, max-image-preview:large",Wie viele Stunden von 22:30 bis 00:00 Uhr?,797,true,true,true,10,25,#F5F3FB,
/stunden-zwischen-22-30-und-10-30/,de,stunden-zwischen,200,https://zeit-rechner.com/stunden-zwischen-22-30-und-10-30/,true,"index, follow, max-snippet:-1, max-image-preview:large",Wie viele Stunden von 22:30 bis 10:30 Uhr?,466,true,true,true,8,25,#F5F3FB,
/stunden-zwischen-22-30-und-2-30/,de,stunden-zwischen,200,https://zeit-rechner.com/stunden-zwischen-22-30-und-2-30/,true,"index, follow, max-snippet:-1, max-image-preview:large",Wie viele Stunden von 22:30 bis 02:30 Uhr?,793,true,true,true,9,25,#F5F3FB,
/stunden-zwischen-22-30-und-23-30/,de,stunden-zwischen,200,https://zeit-rechner.com/stunden-zwischen-22-30-und-23-30/,true,"index, follow, max-snippet:-1, max-image-preview:large",Wie viele Stunden von 22:30 bis 23:30 Uhr?,397,true,true,true,13,25,#F5F3FB,
/stunden-zwischen-22-30-und-23/,de,stunden-zwischen,200,https://zeit-rechner.com/stunden-zwischen-22-30-und-23/,true,"index, follow, max-snippet:-1, max-image-preview:large",Wie viele Stunden von 22:30 bis 23:00 Uhr?,392,true,true,true,8,25,#F5F3FB,
/stunden-zwischen-22-30-und-3-30/,de,stunden-zwischen,200,https://zeit-rechner.com/stunden-zwischen-22-30-und-3-30/,true,"index, follow, max-snippet:-1, max-image-preview:large",Wie viele Stunden von 22:30 bis 03:30 Uhr?,424,true,true,true,11,25,#F5F3FB,
/stunden-zwischen-22-30-und-4-30/,de,stunden-zwischen,200,https://zeit-rechner.com/stunden-zwischen-22-30-und-4-30/,true,"index, follow, max-snippet:-1, max-image-preview:large",Wie viele Stunden von 22:30 bis 04:30 Uhr?,791,true,true,true,9,25,#F5F3FB,
/stunden-zwischen-22-30-und-5-30/,de,stunden-zwischen,200,https://zeit-rechner.com/stunden-zwischen-22-30-und-5-30/,true,"index, follow, max-snippet:-1, max-image-preview:large",Wie viele Stunden von 22:30 bis 05:30 Uhr?,446,true,true,true,7,25,#F5F3FB,
/stunden-zwischen-22-30-und-6-30/,de,stunden-zwischen,200,https://zeit-rechner.com/stunden-zwischen-22-30-und-6-30/,true,"index, follow, max-snippet:-1, max-image-preview:large",Wie viele Stunden von 22:30 bis 06:30 Uhr?,780,true,true,true,9,25,#F5F3FB,
/stunden-zwischen-22-30-und-7-30/,de,stunden-zwischen,200,https://zeit-rechner.com/stunden-zwischen-22-30-und-7-30/,true,"index, follow, max-snippet:-1, max-image-preview:large",Wie viele Stunden von 22:30 bis 07:30 Uhr?,464,true,true,true,10,25,#F5F3FB,
/stunden-zwischen-22-30-und-7/,de,stunden-zwischen,200,https://zeit-rechner.com/stunden-zwischen-22-30-und-7/,true,"index, follow, max-snippet:-1, max-image-preview:large",Wie viele Stunden von 22:30 bis 07:00 Uhr?,446,true,true,true,12,25,#F5F3FB,
/stunden-zwischen-22-30-und-8-30/,de,stunden-zwischen,200,https://zeit-rechner.com/stunden-zwischen-22-30-und-8-30/,true,"index, follow, max-snippet:-1, max-image-preview:large",Wie viele Stunden von 22:30 bis 08:30 Uhr?,832,true,true,true,7,25,#F5F3FB,
/stunden-zwischen-22-und-0-30/,de,stunden-zwischen,200,https://zeit-rechner.com/stunden-zwischen-22-und-0-30/,true,"index, follow, max-snippet:-1, max-image-preview:large",Wie viele Stunden von 22:00 bis 00:30 Uhr?,786,true,true,true,5,25,#F5F3FB,
/stunden-zwischen-22-und-0/,de,stunden-zwischen,200,https://zeit-rechner.com/stunden-zwischen-22-und-0/,true,"index, follow, max-snippet:-1, max-image-preview:large",Wie viele Stunden von 22:00 bis 00:00 Uhr?,787,true,true,true,6,25,#F5F3FB,
/stunden-zwischen-22-und-1/,de,stunden-zwischen,200,https://zeit-rechner.com/stunden-zwischen-22-und-1/,true,"index, follow, max-snippet:-1, max-image-preview:large",Wie viele Stunden von 22:00 bis 01:00 Uhr?,441,true,true,true,6,25,#F5F3FB,
/stunden-zwischen-22-und-10/,de,stunden-zwischen,200,https://zeit-rechner.com/stunden-zwischen-22-und-10/,true,"index, follow, max-snippet:-1, max-image-preview:large",Wie viele Stunden von 22:00 bis 10:00 Uhr?,466,true,true,true,9,25,#F5F3FB,
/stunden-zwischen-22-und-2/,de,stunden-zwischen,200,https://zeit-rechner.com/stunden-zwischen-22-und-2/,true,"index, follow, max-snippet:-1, max-image-preview:large",Wie viele Stunden von 22:00 bis 02:00 Uhr?,787,true,true,true,10,25,#F5F3FB,
/stunden-zwischen-22-und-22-30/,de,stunden-zwischen,200,https://zeit-rechner.com/stunden-zwischen-22-und-22-30/,true,"index, follow, max-snippet:-1, max-image-preview:large",Wie viele Stunden von 22:00 bis 22:30 Uhr?,746,true,true,true,9,25,#F5F3FB,
/stunden-zwischen-22-und-23-30/,de,stunden-zwischen,200,https://zeit-rechner.com/stunden-zwischen-22-und-23-30/,true,"index, follow, max-snippet:-1, max-image-preview:large",Wie viele Stunden von 22:00 bis 23:30 Uhr?,415,true,true,true,10,25,#F5F3FB,
/stunden-zwischen-22-und-23/,de,stunden-zwischen,200,https://zeit-rechner.com/stunden-zwischen-22-und-23/,true,"index, follow, max-snippet:-1, max-image-preview:large",Wie viele Stunden von 22:00 bis 23:00 Uhr?,371,true,true,true,14,25,#F5F3FB,
/stunden-zwischen-22-und-3/,de,stunden-zwischen,200,https://zeit-rechner.com/stunden-zwischen-22-und-3/,true,"index, follow, max-snippet:-1, max-image-preview:large",Wie viele Stunden von 22:00 bis 03:00 Uhr?,424,true,true,true,9,25,#F5F3FB,
/stunden-zwischen-22-und-4/,de,stunden-zwischen,200,https://zeit-rechner.com/stunden-zwischen-22-und-4/,true,"index, follow, max-snippet:-1, max-image-preview:large",Wie viele Stunden von 22:00 bis 04:00 Uhr?,795,true,true,true,8,25,#F5F3FB,
/stunden-zwischen-22-und-5/,de,stunden-zwischen,200,https://zeit-rechner.com/stunden-zwischen-22-und-5/,true,"index, follow, max-snippet:-1, max-image-preview:large",Wie viele Stunden von 22:00 bis 05:00 Uhr?,440,true,true,true,8,25,#F5F3FB,
/stunden-zwischen-22-und-6-30/,de,stunden-zwischen,200,https://zeit-rechner.com/stunden-zwischen-22-und-6-30/,true,"index, follow, max-snippet:-1, max-image-preview:large",Wie viele Stunden von 22:00 bis 06:30 Uhr?,792,true,true,true,15,25,#F5F3FB,
/stunden-zwischen-22-und-6/,de,stunden-zwischen,200,https://zeit-rechner.com/stunden-zwischen-22-und-6/,true,"index, follow, max-snippet:-1, max-image-preview:large",Wie viele Stunden von 22:00 bis 06:00 Uhr?,793,true,true,true,10,25,#F5F3FB,
/stunden-zwischen-22-und-7/,de,stunden-zwischen,200,https://zeit-rechner.com/stunden-zwischen-22-und-7/,true,"index, follow, max-snippet:-1, max-image-preview:large",Wie viele Stunden von 22:00 bis 07:00 Uhr?,453,true,true,true,9,25,#F5F3FB,
/stunden-zwischen-22-und-8/,de,stunden-zwischen,200,https://zeit-rechner.com/stunden-zwischen-22-und-8/,true,"index, follow, max-snippet:-1, max-image-preview:large",Wie viele Stunden von 22:00 bis 08:00 Uhr?,804,true,true,true,8,25,#F5F3FB,
/stunden-zwischen-23-30-und-0-30/,de,stunden-zwischen,200,https://zeit-rechner.com/stunden-zwischen-23-30-und-0-30/,true,"index, follow, max-snippet:-1, max-image-preview:large",Wie viele Stunden von 23:30 bis 00:30 Uhr?,424,true,true,true,8,25,#F5F3FB,
/stunden-zwischen-23-30-und-0/,de,stunden-zwischen,200,https://zeit-rechner.com/stunden-zwischen-23-30-und-0/,true,"index, follow, max-snippet:-1, max-image-preview:large",Wie viele Stunden von 23:30 bis 00:00 Uhr?,431,true,true,true,6,25,#F5F3FB,
/stunden-zwischen-23-30-und-1/,de,stunden-zwischen,200,https://zeit-rechner.com/stunden-zwischen-23-30-und-1/,true,"index, follow, max-snippet:-1, max-image-preview:large",Wie viele Stunden von 23:30 bis 01:00 Uhr?,793,true,true,true,6,25,#F5F3FB,
/stunden-zwischen-23-30-und-11-30/,de,stunden-zwischen,200,https://zeit-rechner.com/stunden-zwischen-23-30-und-11-30/,true,"index, follow, max-snippet:-1, max-image-preview:large",Wie viele Stunden von 23:30 bis 11:30 Uhr?,442,true,true,true,6,25,#F5F3FB,
/stunden-zwischen-23-30-und-3-30/,de,stunden-zwischen,200,https://zeit-rechner.com/stunden-zwischen-23-30-und-3-30/,true,"index, follow, max-snippet:-1, max-image-preview:large",Wie viele Stunden von 23:30 bis 03:30 Uhr?,778,true,true,true,6,25,#F5F3FB,
/stunden-zwischen-23-30-und-4-30/,de,stunden-zwischen,200,https://zeit-rechner.com/stunden-zwischen-23-30-und-4-30/,true,"index, follow, max-snippet:-1, max-image-preview:large",Wie viele Stunden von 23:30 bis 04:30 Uhr?,424,true,true,true,6,25,#F5F3FB,
/stunden-zwischen-23-30-und-7-30/,de,stunden-zwischen,200,https://zeit-rechner.com/stunden-zwischen-23-30-und-7-30/,true,"index, follow, max-snippet:-1, max-image-preview:large",Wie viele Stunden von 23:30 bis 07:30 Uhr?,791,true,true,true,5,25,#F5F3FB,
/stunden-zwischen-23-30-und-9-30/,de,stunden-zwischen,200,https://zeit-rechner.com/stunden-zwischen-23-30-und-9-30/,true,"index, follow, max-snippet:-1, max-image-preview:large",Wie viele Stunden von 23:30 bis 09:30 Uhr?,832,true,true,true,5,25,#F5F3FB,
/stunden-zwischen-23-und-0-30/,de,stunden-zwischen,200,https://zeit-rechner.com/stunden-zwischen-23-und-0-30/,true,"index, follow, max-snippet:-1, max-image-preview:large",Wie viele Stunden von 23:00 bis 00:30 Uhr?,424,true,true,true,7,25,#F5F3FB,
/stunden-zwischen-23-und-0/,de,stunden-zwischen,200,https://zeit-rechner.com/stunden-zwischen-23-und-0/,true,"index, follow, max-snippet:-1, max-image-preview:large",Wie viele Stunden von 23:00 bis 00:00 Uhr?,447,true,true,true,10,25,#F5F3FB,
/stunden-zwischen-23-und-11/,de,stunden-zwischen,200,https://zeit-rechner.com/stunden-zwischen-23-und-11/,true,"index, follow, max-snippet:-1, max-image-preview:large",Wie viele Stunden von 23:00 bis 11:00 Uhr?,476,true,true,true,7,25,#F5F3FB,
/stunden-zwischen-23-und-23-30/,de,stunden-zwischen,200,https://zeit-rechner.com/stunden-zwischen-23-und-23-30/,true,"index, follow, max-snippet:-1, max-image-preview:large",Wie viele Stunden von 23:00 bis 23:30 Uhr?,776,true,true,true,7,25,#F5F3FB,
/stunden-zwischen-23-und-3/,de,stunden-zwischen,200,https://zeit-rechner.com/stunden-zwischen-23-und-3/,true,"index, follow, max-snippet:-1, max-image-preview:large",Wie viele Stunden von 23:00 bis 03:00 Uhr?,791,true,true,true,8,25,#F5F3FB,
/stunden-zwischen-23-und-4/,de,stunden-zwischen,200,https://zeit-rechner.com/stunden-zwischen-23-und-4/,true,"index, follow, max-snippet:-1, max-image-preview:large",Wie viele Stunden von 23:00 bis 04:00 Uhr?,441,true,true,true,9,25,#F5F3FB,
/stunden-zwischen-23-und-5/,de,stunden-zwischen,200,https://zeit-rechner.com/stunden-zwischen-23-und-5/,true,"index, follow, max-snippet:-1, max-image-preview:large",Wie viele Stunden von 23:00 bis 05:00 Uhr?,798,true,true,true,8,25,#F5F3FB,
/stunden-zwischen-23-und-6/,de,stunden-zwischen,200,https://zeit-rechner.com/stunden-zwischen-23-und-6/,true,"index, follow, max-snippet:-1, max-image-preview:large",Wie viele Stunden von 23:00 bis 06:00 Uhr?,413,true,true,true,6,25,#F5F3FB,
/stunden-zwischen-23-und-7-30/,de,stunden-zwischen,200,https://zeit-rechner.com/stunden-zwischen-23-und-7-30/,true,"index, follow, max-snippet:-1, max-image-preview:large",Wie viele Stunden von 23:00 bis 07:30 Uhr?,803,true,true,true,9,25,#F5F3FB,
/stunden-zwischen-23-und-7/,de,stunden-zwischen,200,https://zeit-rechner.com/stunden-zwischen-23-und-7/,true,"index, follow, max-snippet:-1, max-image-preview:large",Wie viele Stunden von 23:00 bis 07:00 Uhr?,802,true,true,true,8,25,#F5F3FB,
/stunden-zwischen-23-und-8/,de,stunden-zwischen,200,https://zeit-rechner.com/stunden-zwischen-23-und-8/,true,"index, follow, max-snippet:-1, max-image-preview:large",Wie viele Stunden von 23:00 bis 08:00 Uhr?,477,true,true,true,7,25,#F5F3FB,
/stunden-zwischen-23-und-9/,de,stunden-zwischen,200,https://zeit-rechner.com/stunden-zwischen-23-und-9/,true,"index, follow, max-snippet:-1, max-image-preview:large",Wie viele Stunden von 23:00 bis 09:00 Uhr?,815,true,true,true,6,25,#F5F3FB,
/stunden-zwischen-3-30-und-11-30/,de,stunden-zwischen,200,https://zeit-rechner.com/stunden-zwischen-3-30-und-11-30/,true,"index, follow, max-snippet:-1, max-image-preview:large",Wie viele Stunden von 03:30 bis 11:30 Uhr?,425,true,true,true,11,25,#F5F3FB,
/stunden-zwischen-3-30-und-13-30/,de,stunden-zwischen,200,https://zeit-rechner.com/stunden-zwischen-3-30-und-13-30/,true,"index, follow, max-snippet:-1, max-image-preview:large",Wie viele Stunden von 03:30 bis 13:30 Uhr?,428,true,true,true,12,25,#F5F3FB,
/stunden-zwischen-3-30-und-15-30/,de,stunden-zwischen,200,https://zeit-rechner.com/stunden-zwischen-3-30-und-15-30/,true,"index, follow, max-snippet:-1, max-image-preview:large",Wie viele Stunden von 03:30 bis 15:30 Uhr?,433,true,true,true,13,25,#F5F3FB,
/stunden-zwischen-3-30-und-4-30/,de,stunden-zwischen,200,https://zeit-rechner.com/stunden-zwischen-3-30-und-4-30/,true,"index, follow, max-snippet:-1, max-image-preview:large",Wie viele Stunden von 03:30 bis 04:30 Uhr?,409,true,true,true,13,25,#F5F3FB,
/stunden-zwischen-3-30-und-4/,de,stunden-zwischen,200,https://zeit-rechner.com/stunden-zwischen-3-30-und-4/,true,"index, follow, max-snippet:-1, max-image-preview:large",Wie viele Stunden von 03:30 bis 04:00 Uhr?,403,true,true,true,9,25,#F5F3FB,
/stunden-zwischen-3-30-und-5/,de,stunden-zwischen,200,https://zeit-rechner.com/stunden-zwischen-3-30-und-5/,true,"index, follow, max-snippet:-1, max-image-preview:large",Wie viele Stunden von 03:30 bis 05:00 Uhr?,776,true,true,true,8,25,#F5F3FB,
/stunden-zwischen-3-30-und-7-30/,de,stunden-zwischen,200,https://zeit-rechner.com/stunden-zwischen-3-30-und-7-30/,true,"index, follow, max-snippet:-1, max-image-preview:large",Wie viele Stunden von 03:30 bis 07:30 Uhr?,770,true,true,true,12,25,#F5F3FB,
/stunden-zwischen-3-30-und-8-30/,de,stunden-zwischen,200,https://zeit-rechner.com/stunden-zwischen-3-30-und-8-30/,true,"index, follow, max-snippet:-1, max-image-preview:large",Wie viele Stunden von 03:30 bis 08:30 Uhr?,421,true,true,true,12,25,#F5F3FB,
/stunden-zwischen-3-und-11/,de,stunden-zwischen,200,https://zeit-rechner.com/stunden-zwischen-3-und-11/,true,"index, follow, max-snippet:-1, max-image-preview:large",Wie viele Stunden von 03:00 bis 11:00 Uhr?,417,true,true,true,10,25,#F5F3FB,
/stunden-zwischen-3-und-13/,de,stunden-zwischen,200,https://zeit-rechner.com/stunden-zwischen-3-und-13/,true,"index, follow, max-snippet:-1, max-image-preview:large",Wie viele Stunden von 03:00 bis 13:00 Uhr?,445,true,true,true,12,25,#F5F3FB,
/stunden-zwischen-3-und-15/,de,stunden-zwischen,200,https://zeit-rechner.com/stunden-zwischen-3-und-15/,true,"index, follow, max-snippet:-1, max-image-preview:large",Wie viele Stunden von 03:00 bis 15:00 Uhr?,428,true,true,true,12,25,#F5F3FB,
/stunden-zwischen-3-und-3-30/,de,stunden-zwischen,200,https://zeit-rechner.com/stunden-zwischen-3-und-3-30/,true,"index, follow, max-snippet:-1, max-image-preview:large",Wie viele Stunden von 03:00 bis 03:30 Uhr?,772,true,true,true,9,25,#F5F3FB,
/stunden-zwischen-3-und-4-30/,de,stunden-zwischen,200,https://zeit-rechner.com/stunden-zwischen-3-und-4-30/,true,"index, follow, max-snippet:-1, max-image-preview:large",Wie viele Stunden von 03:00 bis 04:30 Uhr?,426,true,true,true,8,25,#F5F3FB,
/stunden-zwischen-3-und-4/,de,stunden-zwischen,200,https://zeit-rechner.com/stunden-zwischen-3-und-4/,true,"index, follow, max-snippet:-1, max-image-preview:large",Wie viele Stunden von 03:00 bis 04:00 Uhr?,397,true,true,true,13,25,#F5F3FB,
/stunden-zwischen-3-und-7/,de,stunden-zwischen,200,https://zeit-rechner.com/stunden-zwischen-3-und-7/,true,"index, follow, max-snippet:-1, max-image-preview:large",Wie viele Stunden von 03:00 bis 07:00 Uhr?,766,true,true,true,12,25,#F5F3FB,
/stunden-zwischen-3-und-8/,de,stunden-zwischen,200,https://zeit-rechner.com/stunden-zwischen-3-und-8/,true,"index, follow, max-snippet:-1, max-image-preview:large",Wie viele Stunden von 03:00 bis 08:00 Uhr?,414,true,true,true,12,25,#F5F3FB,
/stunden-zwischen-4-30-und-12-30/,de,stunden-zwischen,200,https://zeit-rechner.com/stunden-zwischen-4-30-und-12-30/,true,"index, follow, max-snippet:-1, max-image-preview:large",Wie viele Stunden von 04:30 bis 12:30 Uhr?,403,true,true,true,12,25,#F5F3FB,
/stunden-zwischen-4-30-und-14-30/,de,stunden-zwischen,200,https://zeit-rechner.com/stunden-zwischen-4-30-und-14-30/,true,"index, follow, max-snippet:-1, max-image-preview:large",Wie viele Stunden von 04:30 bis 14:30 Uhr?,433,true,true,true,10,25,#F5F3FB,
/stunden-zwischen-4-30-und-16-30/,de,stunden-zwischen,200,https://zeit-rechner.com/stunden-zwischen-4-30-und-16-30/,true,"index, follow, max-snippet:-1, max-image-preview:large",Wie viele Stunden von 04:30 bis 16:30 Uhr?,443,true,true,true,10,25,#F5F3FB,
/stunden-zwischen-4-30-und-5-30/,de,stunden-zwischen,200,https://zeit-rechner.com/stunden-zwischen-4-30-und-5-30/,true,"index, follow, max-snippet:-1, max-image-preview:large",Wie viele Stunden von 04:30 bis 05:30 Uhr?,420,true,true,true,13,25,#F5F3FB,
/stunden-zwischen-4-30-und-5/,de,stunden-zwischen,200,https://zeit-rechner.com/stunden-zwischen-4-30-und-5/,true,"index, follow, max-snippet:-1, max-image-preview:large",Wie viele Stunden von 04:30 bis 05:00 Uhr?,399,true,true,true,9,25,#F5F3FB,
/stunden-zwischen-4-30-und-6/,de,stunden-zwischen,200,https://zeit-rechner.com/stunden-zwischen-4-30-und-6/,true,"index, follow, max-snippet:-1, max-image-preview:large",Wie viele Stunden von 04:30 bis 06:00 Uhr?,772,true,true,true,9,25,#F5F3FB,
/stunden-zwischen-4-30-und-8-30/,de,stunden-zwischen,200,https://zeit-rechner.com/stunden-zwischen-4-30-und-8-30/,true,"index, follow, max-snippet:-1, max-image-preview:large",Wie viele Stunden von 04:30 bis 08:30 Uhr?,759,true,true,true,11,25,#F5F3FB,
/stunden-zwischen-4-30-und-9-30/,de,stunden-zwischen,200,https://zeit-rechner.com/stunden-zwischen-4-30-und-9-30/,true,"index, follow, max-snippet:-1, max-image-preview:large",Wie viele Stunden von 04:30 bis 09:30 Uhr?,421,true,true,true,12,25,#F5F3FB,
/stunden-zwischen-4-und-12/,de,stunden-zwischen,200,https://zeit-rechner.com/stunden-zwischen-4-und-12/,true,"index, follow, max-snippet:-1, max-image-preview:large",Wie viele Stunden von 04:00 bis 12:00 Uhr?,423,true,true,true,10,25,#F5F3FB,
/stunden-zwischen-4-und-14/,de,stunden-zwischen,200,https://zeit-rechner.com/stunden-zwischen-4-und-14/,true,"index, follow, max-snippet:-1, max-image-preview:large",Wie viele Stunden von 04:00 bis 14:00 Uhr?,433,true,true,true,11,25,#F5F3FB,
/stunden-zwischen-4-und-16/,de,stunden-zwischen,200,https://zeit-rechner.com/stunden-zwischen-4-und-16/,true,"index, follow, max-snippet:-1, max-image-preview:large",Wie viele Stunden von 04:00 bis 16:00 Uhr?,423,true,true,true,13,25,#F5F3FB,
/stunden-zwischen-4-und-4-30/,de,stunden-zwischen,200,https://zeit-rechner.com/stunden-zwischen-4-und-4-30/,true,"index, follow, max-snippet:-1, max-image-preview:large",Wie viele Stunden von 04:00 bis 04:30 Uhr?,783,true,true,true,9,25,#F5F3FB,
/stunden-zwischen-4-und-5-30/,de,stunden-zwischen,200,https://zeit-rechner.com/stunden-zwischen-4-und-5-30/,true,"index, follow, max-snippet:-1, max-image-preview:large",Wie viele Stunden von 04:00 bis 05:30 Uhr?,408,true,true,true,9,25,#F5F3FB,
/stunden-zwischen-4-und-5/,de,stunden-zwischen,200,https://zeit-rechner.com/stunden-zwischen-4-und-5/,true,"index, follow, max-snippet:-1, max-image-preview:large",Wie viele Stunden von 04:00 bis 05:00 Uhr?,426,true,true,true,13,25,#F5F3FB,
/stunden-zwischen-4-und-8/,de,stunden-zwischen,200,https://zeit-rechner.com/stunden-zwischen-4-und-8/,true,"index, follow, max-snippet:-1, max-image-preview:large",Wie viele Stunden von 04:00 bis 08:00 Uhr?,764,true,true,true,11,25,#F5F3FB,
/stunden-zwischen-4-und-9/,de,stunden-zwischen,200,https://zeit-rechner.com/stunden-zwischen-4-und-9/,true,"index, follow, max-snippet:-1, max-image-preview:large",Wie viele Stunden von 04:00 bis 09:00 Uhr?,409,true,true,true,11,25,#F5F3FB,
/stunden-zwischen-5-30-und-10-30/,de,stunden-zwischen,200,https://zeit-rechner.com/stunden-zwischen-5-30-und-10-30/,true,"index, follow, max-snippet:-1, max-image-preview:large",Wie viele Stunden von 05:30 bis 10:30 Uhr?,766,true,true,true,12,25,#F5F3FB,
/stunden-zwischen-5-30-und-11-30/,de,stunden-zwischen,200,https://zeit-rechner.com/stunden-zwischen-5-30-und-11-30/,true,"index, follow, max-snippet:-1, max-image-preview:large",Wie viele Stunden von 05:30 bis 11:30 Uhr?,412,true,true,true,10,25,#F5F3FB,
/stunden-zwischen-5-30-und-12-30/,de,stunden-zwischen,200,https://zeit-rechner.com/stunden-zwischen-5-30-und-12-30/,true,"index, follow, max-snippet:-1, max-image-preview:large",Wie viele Stunden von 05:30 bis 12:30 Uhr?,783,true,true,true,8,25,#F5F3FB,
/stunden-zwischen-5-30-und-13-30/,de,stunden-zwischen,200,https://zeit-rechner.com/stunden-zwischen-5-30-und-13-30/,true,"index, follow, max-snippet:-1, max-image-preview:large",Wie viele Stunden von 05:30 bis 13:30 Uhr?,416,true,true,true,15,24,#F5F3FB,
/stunden-zwischen-5-30-und-14-30/,de,stunden-zwischen,200,https://zeit-rechner.com/stunden-zwischen-5-30-und-14-30/,true,"index, follow, max-snippet:-1, max-image-preview:large",Wie viele Stunden von 05:30 bis 14:30 Uhr?,788,true,true,true,9,25,#F5F3FB,
/stunden-zwischen-5-30-und-14/,de,stunden-zwischen,200,https://zeit-rechner.com/stunden-zwischen-5-30-und-14/,true,"index, follow, max-snippet:-1, max-image-preview:large",Wie viele Stunden von 05:30 bis 14:00 Uhr?,778,true,true,true,11,25,#F5F3FB,
/stunden-zwischen-5-30-und-15-30/,de,stunden-zwischen,200,https://zeit-rechner.com/stunden-zwischen-5-30-und-15-30/,true,"index, follow, max-snippet:-1, max-image-preview:large",Wie viele Stunden von 05:30 bis 15:30 Uhr?,403,true,true,true,10,25,#F5F3FB,
/stunden-zwischen-5-30-und-17-30/,de,stunden-zwischen,200,https://zeit-rechner.com/stunden-zwischen-5-30-und-17-30/,true,"index, follow, max-snippet:-1, max-image-preview:large",Wie viele Stunden von 05:30 bis 17:30 Uhr?,430,true,true,true,10,25,#F5F3FB,
/stunden-zwischen-5-30-und-6-30/,de,stunden-zwischen,200,https://zeit-rechner.com/stunden-zwischen-5-30-und-6-30/,true,"index, follow, max-snippet:-1, max-image-preview:large",Wie viele Stunden von 05:30 bis 06:30 Uhr?,400,true,true,true,12,25,#F5F3FB,
/stunden-zwischen-5-30-und-6/,de,stunden-zwischen,200,https://zeit-rechner.com/stunden-zwischen-5-30-und-6/,true,"index, follow, max-snippet:-1, max-image-preview:large",Wie viele Stunden von 05:30 bis 06:00 Uhr?,386,true,true,true,9,25,#F5F3FB,
/stunden-zwischen-5-30-und-7/,de,stunden-zwischen,200,https://zeit-rechner.com/stunden-zwischen-5-30-und-7/,true,"index, follow, max-snippet:-1, max-image-preview:large",Wie viele Stunden von 05:30 bis 07:00 Uhr?,746,true,true,true,10,25,#F5F3FB,
/stunden-zwischen-5-30-und-8-30/,de,stunden-zwischen,200,https://zeit-rechner.com/stunden-zwischen-5-30-und-8-30/,true,"index, follow, max-snippet:-1, max-image-preview:large",Wie viele Stunden von 05:30 bis 08:30 Uhr?,377,true,true,true,9,25,#F5F3FB,
/stunden-zwischen-5-30-und-9-30/,de,stunden-zwischen,200,https://zeit-rechner.com/stunden-zwischen-5-30-und-9-30/,true,"index, follow, max-snippet:-1, max-image-preview:large",Wie viele Stunden von 05:30 bis 09:30 Uhr?,768,true,true,true,12,25,#F5F3FB,
/stunden-zwischen-5-und-10/,de,stunden-zwischen,200,https://zeit-rechner.com/stunden-zwischen-5-und-10/,true,"index, follow, max-snippet:-1, max-image-preview:large",Wie viele Stunden von 05:00 bis 10:00 Uhr?,768,true,true,true,12,25,#F5F3FB,
/stunden-zwischen-5-und-11/,de,stunden-zwischen,200,https://zeit-rechner.com/stunden-zwischen-5-und-11/,true,"index, follow, max-snippet:-1, max-image-preview:large",Wie viele Stunden von 05:00 bis 11:00 Uhr?,415,true,true,true,8,25,#F5F3FB,
/stunden-zwischen-5-und-12/,de,stunden-zwischen,200,https://zeit-rechner.com/stunden-zwischen-5-und-12/,true,"index, follow, max-snippet:-1, max-image-preview:large",Wie viele Stunden von 05:00 bis 12:00 Uhr?,775,true,true,true,7,25,#F5F3FB,
/stunden-zwischen-5-und-13-30/,de,stunden-zwischen,200,https://zeit-rechner.com/stunden-zwischen-5-und-13-30/,true,"index, follow, max-snippet:-1, max-image-preview:large",Wie viele Stunden von 05:00 bis 13:30 Uhr?,433,true,true,true,9,25,#F5F3FB,
/stunden-zwischen-5-und-13/,de,stunden-zwischen,200,https://zeit-rechner.com/stunden-zwischen-5-und-13/,true,"index, follow, max-snippet:-1, max-image-preview:large",Wie viele Stunden von 05:00 bis 13:00 Uhr?,415,true,true,true,14,25,#F5F3FB,
/stunden-zwischen-5-und-14/,de,stunden-zwischen,200,https://zeit-rechner.com/stunden-zwischen-5-und-14/,true,"index, follow, max-snippet:-1, max-image-preview:large",Wie viele Stunden von 05:00 bis 14:00 Uhr?,780,true,true,true,8,25,#F5F3FB,
/stunden-zwischen-5-und-15/,de,stunden-zwischen,200,https://zeit-rechner.com/stunden-zwischen-5-und-15/,true,"index, follow, max-snippet:-1, max-image-preview:large",Wie viele Stunden von 05:00 bis 15:00 Uhr?,430,true,true,true,11,25,#F5F3FB,
/stunden-zwischen-5-und-17/,de,stunden-zwischen,200,https://zeit-rechner.com/stunden-zwischen-5-und-17/,true,"index, follow, max-snippet:-1, max-image-preview:large",Wie viele Stunden von 05:00 bis 17:00 Uhr?,403,true,true,true,10,25,#F5F3FB,
/stunden-zwischen-5-und-5-30/,de,stunden-zwischen,200,https://zeit-rechner.com/stunden-zwischen-5-und-5-30/,true,"index, follow, max-snippet:-1, max-image-preview:large",Wie viele Stunden von 05:00 bis 05:30 Uhr?,752,true,true,true,9,25,#F5F3FB,
/stunden-zwischen-5-und-6-30/,de,stunden-zwischen,200,https://zeit-rechner.com/stunden-zwischen-5-und-6-30/,true,"index, follow, max-snippet:-1, max-image-preview:large",Wie viele Stunden von 05:00 bis 06:30 Uhr?,401,true,true,true,10,25,#F5F3FB,
/stunden-zwischen-5-und-6/,de,stunden-zwischen,200,https://zeit-rechner.com/stunden-zwischen-5-und-6/,true,"index, follow, max-snippet:-1, max-image-preview:large",Wie viele Stunden von 05:00 bis 06:00 Uhr?,392,true,true,true,14,25,#F5F3FB,
/stunden-zwischen-5-und-7-30/,de,stunden-zwischen,200,https://zeit-rechner.com/stunden-zwischen-5-und-7-30/,true,"index, follow, max-snippet:-1, max-image-preview:large",Wie viele Stunden von 05:00 bis 07:30 Uhr?,745,true,true,true,8,25,#F5F3FB,
/stunden-zwischen-5-und-7/,de,stunden-zwischen,200,https://zeit-rechner.com/stunden-zwischen-5-und-7/,true,"index, follow, max-snippet:-1, max-image-preview:large",Wie viele Stunden von 05:00 bis 07:00 Uhr?,735,true,true,true,8,25,#F5F3FB,
/stunden-zwischen-5-und-8/,de,stunden-zwischen,200,https://zeit-rechner.com/stunden-zwischen-5-und-8/,true,"index, follow, max-snippet:-1, max-image-preview:large",Wie viele Stunden von 05:00 bis 08:00 Uhr?,400,true,true,true,7,25,#F5F3FB,
/stunden-zwischen-5-und-9/,de,stunden-zwischen,200,https://zeit-rechner.com/stunden-zwischen-5-und-9/,true,"index, follow, max-snippet:-1, max-image-preview:large",Wie viele Stunden von 05:00 bis 09:00 Uhr?,777,true,true,true,12,25,#F5F3FB,
/stunden-zwischen-6-30-und-10-30/,de,stunden-zwischen,200,https://zeit-rechner.com/stunden-zwischen-6-30-und-10-30/,true,"index, follow, max-snippet:-1, max-image-preview:large",Wie viele Stunden von 06:30 bis 10:30 Uhr?,377,true,true,true,11,25,#F5F3FB,
/stunden-zwischen-6-30-und-11-30/,de,stunden-zwischen,200,https://zeit-rechner.com/stunden-zwischen-6-30-und-11-30/,true,"index, follow, max-snippet:-1, max-image-preview:large",Wie viele Stunden von 06:30 bis 11:30 Uhr?,745,true,true,true,11,25,#F5F3FB,
/stunden-zwischen-6-30-und-12-30/,de,stunden-zwischen,200,https://zeit-rechner.com/stunden-zwischen-6-30-und-12-30/,true,"index, follow, max-snippet:-1, max-image-preview:large",Wie viele Stunden von 06:30 bis 12:30 Uhr?,383,true,true,true,11,25,#F5F3FB,
/stunden-zwischen-6-30-und-13-30/,de,stunden-zwischen,200,https://zeit-rechner.com/stunden-zwischen-6-30-und-13-30/,true,"index, follow, max-snippet:-1, max-image-preview:large",Wie viele Stunden von 06:30 bis 13:30 Uhr?,754,true,true,true,10,25,#F5F3FB,
/stunden-zwischen-6-30-und-14-30/,de,stunden-zwischen,200,https://zeit-rechner.com/stunden-zwischen-6-30-und-14-30/,true,"index, follow, max-snippet:-1, max-image-preview:large",Wie viele Stunden von 06:30 bis 14:30 Uhr?,385,true,true,true,11,24,#F5F3FB,
/stunden-zwischen-6-30-und-15-30/,de,stunden-zwischen,200,https://zeit-rechner.com/stunden-zwischen-6-30-und-15-30/,true,"index, follow, max-snippet:-1, max-image-preview:large",Wie viele Stunden von 06:30 bis 15:30 Uhr?,753,true,true,true,9,24,#F5F3FB,
/stunden-zwischen-6-30-und-15/,de,stunden-zwischen,200,https://zeit-rechner.com/stunden-zwischen-6-30-und-15/,true,"index, follow, max-snippet:-1, max-image-preview:large",Wie viele Stunden von 06:30 bis 15:00 Uhr?,741,true,true,true,11,24,#F5F3FB,
/stunden-zwischen-6-30-und-16-30/,de,stunden-zwischen,200,https://zeit-rechner.com/stunden-zwischen-6-30-und-16-30/,true,"index, follow, max-snippet:-1, max-image-preview:large",Wie viele Stunden von 06:30 bis 16:30 Uhr?,399,true,true,true,10,25,#F5F3FB,
/stunden-zwischen-6-30-und-18-30/,de,stunden-zwischen,200,https://zeit-rechner.com/stunden-zwischen-6-30-und-18-30/,true,"index, follow, max-snippet:-1, max-image-preview:large",Wie viele Stunden von 06:30 bis 18:30 Uhr?,391,true,true,true,10,25,#F5F3FB,
/stunden-zwischen-6-30-und-7-30/,de,stunden-zwischen,200,https://zeit-rechner.com/stunden-zwischen-6-30-und-7-30/,true,"index, follow, max-snippet:-1, max-image-preview:large",Wie viele Stunden von 06:30 bis 07:30 Uhr?,363,true,true,true,12,25,#F5F3FB,
/stunden-zwischen-6-30-und-7/,de,stunden-zwischen,200,https://zeit-rechner.com/stunden-zwischen-6-30-und-7/,true,"index, follow, max-snippet:-1, max-image-preview:large",Wie viele Stunden von 06:30 bis 07:00 Uhr?,368,true,true,true,9,25,#F5F3FB,
/stunden-zwischen-6-30-und-8-30/,de,stunden-zwischen,200,https://zeit-rechner.com/stunden-zwischen-6-30-und-8-30/,true,"index, follow, max-snippet:-1, max-image-preview:large",Wie viele Stunden von 06:30 bis 08:30 Uhr?,722,true,true,true,11,25,#F5F3FB,
/stunden-zwischen-6-30-und-8/,de,stunden-zwischen,200,https://zeit-rechner.com/stunden-zwischen-6-30-und-8/,true,"index, follow, max-snippet:-1, max-image-preview:large",Wie viele Stunden von 06:30 bis 08:00 Uhr?,719,true,true,true,11,25,#F5F3FB,
/stunden-zwischen-6-30-und-9-30/,de,stunden-zwischen,200,https://zeit-rechner.com/stunden-zwischen-6-30-und-9-30/,true,"index, follow, max-snippet:-1, max-image-preview:large",Wie viele Stunden von 06:30 bis 09:30 Uhr?,342,true,true,true,12,25,#F5F3FB,
/stunden-zwischen-6-30-und-9/,de,stunden-zwischen,200,https://zeit-rechner.com/stunden-zwischen-6-30-und-9/,true,"index, follow, max-snippet:-1, max-image-preview:large",Wie viele Stunden von 06:30 bis 09:00 Uhr?,378,true,true,true,14,25,#F5F3FB,
/stunden-zwischen-6-und-10/,de,stunden-zwischen,200,https://zeit-rechner.com/stunden-zwischen-6-und-10/,true,"index, follow, max-snippet:-1, max-image-preview:large",Wie viele Stunden von 06:00 bis 10:00 Uhr?,382,true,true,true,11,25,#F5F3FB,
/stunden-zwischen-6-und-11/,de,stunden-zwischen,200,https://zeit-rechner.com/stunden-zwischen-6-und-11/,true,"index, follow, max-snippet:-1, max-image-preview:large",Wie viele Stunden von 06:00 bis 11:00 Uhr?,731,true,true,true,11,25,#F5F3FB,
/stunden-zwischen-6-und-12/,de,stunden-zwischen,200,https://zeit-rechner.com/stunden-zwischen-6-und-12/,true,"index, follow, max-snippet:-1, max-image-preview:large",Wie viele Stunden von 06:00 bis 12:00 Uhr?,398,true,true,true,10,25,#F5F3FB,
/stunden-zwischen-6-und-13/,de,stunden-zwischen,200,https://zeit-rechner.com/stunden-zwischen-6-und-13/,true,"index, follow, max-snippet:-1, max-image-preview:large",Wie viele Stunden von 06:00 bis 13:00 Uhr?,756,true,true,true,9,25,#F5F3FB,
/stunden-zwischen-6-und-14-30/,de,stunden-zwischen,200,https://zeit-rechner.com/stunden-zwischen-6-und-14-30/,true,"index, follow, max-snippet:-1, max-image-preview:large",Wie viele Stunden von 06:00 bis 14:30 Uhr?,401,true,true,true,12,25,#F5F3FB,
/stunden-zwischen-6-und-14/,de,stunden-zwischen,200,https://zeit-rechner.com/stunden-zwischen-6-und-14/,true,"index, follow, max-snippet:-1, max-image-preview:large",Wie viele Stunden von 06:00 bis 14:00 Uhr?,416,true,true,true,16,24,#F5F3FB,
/stunden-zwischen-6-und-15/,de,stunden-zwischen,200,https://zeit-rechner.com/stunden-zwischen-6-und-15/,true,"index, follow, max-snippet:-1, max-image-preview:large",Wie viele Stunden von 06:00 bis 15:00 Uhr?,760,true,true,true,9,25,#F5F3FB,
/stunden-zwischen-6-und-16/,de,stunden-zwischen,200,https://zeit-rechner.com/stunden-zwischen-6-und-16/,true,"index, follow, max-snippet:-1, max-image-preview:large",Wie viele Stunden von 06:00 bis 16:00 Uhr?,387,true,true,true,10,25,#F5F3FB,
/stunden-zwischen-6-und-18/,de,stunden-zwischen,200,https://zeit-rechner.com/stunden-zwischen-6-und-18/,true,"index, follow, max-snippet:-1, max-image-preview:large",Wie viele Stunden von 06:00 bis 18:00 Uhr?,382,true,true,true,10,25,#F5F3FB,
/stunden-zwischen-6-und-6-30/,de,stunden-zwischen,200,https://zeit-rechner.com/stunden-zwischen-6-und-6-30/,true,"index, follow, max-snippet:-1, max-image-preview:large",Wie viele Stunden von 06:00 bis 06:30 Uhr?,726,true,true,true,9,25,#F5F3FB,
/stunden-zwischen-6-und-7-30/,de,stunden-zwischen,200,https://zeit-rechner.com/stunden-zwischen-6-und-7-30/,true,"index, follow, max-snippet:-1, max-image-preview:large",Wie viele Stunden von 06:00 bis 07:30 Uhr?,368,true,true,true,10,25,#F5F3FB,
/stunden-zwischen-6-und-7/,de,stunden-zwischen,200,https://zeit-rechner.com/stunden-zwischen-6-und-7/,true,"index, follow, max-snippet:-1, max-image-preview:large",Wie viele Stunden von 06:00 bis 07:00 Uhr?,374,true,true,true,12,25,#F5F3FB,
/stunden-zwischen-6-und-8-30/,de,stunden-zwischen,200,https://zeit-rechner.com/stunden-zwischen-6-und-8-30/,true,"index, follow, max-snippet:-1, max-image-preview:large",Wie viele Stunden von 06:00 bis 08:30 Uhr?,720,true,true,true,12,25,#F5F3FB,
/stunden-zwischen-6-und-8/,de,stunden-zwischen,200,https://zeit-rechner.com/stunden-zwischen-6-und-8/,true,"index, follow, max-snippet:-1, max-image-preview:large",Wie viele Stunden von 06:00 bis 08:00 Uhr?,720,true,true,true,10,25,#F5F3FB,
/stunden-zwischen-6-und-9/,de,stunden-zwischen,200,https://zeit-rechner.com/stunden-zwischen-6-und-9/,true,"index, follow, max-snippet:-1, max-image-preview:large",Wie viele Stunden von 06:00 bis 09:00 Uhr?,351,true,true,true,11,25,#F5F3FB,
/stunden-zwischen-7-30-und-10-30/,de,stunden-zwischen,200,https://zeit-rechner.com/stunden-zwischen-7-30-und-10-30/,true,"index, follow, max-snippet:-1, max-image-preview:large",Wie viele Stunden von 07:30 bis 10:30 Uhr?,723,true,true,true,10,25,#F5F3FB,
/stunden-zwischen-7-30-und-10/,de,stunden-zwischen,200,https://zeit-rechner.com/stunden-zwischen-7-30-und-10/,true,"index, follow, max-snippet:-1, max-image-preview:large",Wie viele Stunden von 07:30 bis 10:00 Uhr?,719,true,true,true,11,25,#F5F3FB,
/stunden-zwischen-7-30-und-11-30/,de,stunden-zwischen,200,https://zeit-rechner.com/stunden-zwischen-7-30-und-11-30/,true,"index, follow, max-snippet:-1, max-image-preview:large",Wie viele Stunden von 07:30 bis 11:30 Uhr?,383,true,true,true,11,25,#F5F3FB,
/stunden-zwischen-7-30-und-12-30/,de,stunden-zwischen,200,https://zeit-rechner.com/stunden-zwischen-7-30-und-12-30/,true,"index, follow, max-snippet:-1, max-image-preview:large",Wie viele Stunden von 07:30 bis 12:30 Uhr?,742,true,true,true,11,25,#F5F3FB,
/stunden-zwischen-7-30-und-13-30/,de,stunden-zwischen,200,https://zeit-rechner.com/stunden-zwischen-7-30-und-13-30/,true,"index, follow, max-snippet:-1, max-image-preview:large",Wie viele Stunden von 07:30 bis 13:30 Uhr?,373,true,true,true,11,25,#F5F3FB,
/stunden-zwischen-7-30-und-14-30/,de,stunden-zwischen,200,https://zeit-rechner.com/stunden-zwischen-7-30-und-14-30/,true,"index, follow, max-snippet:-1, max-image-preview:large",Wie viele Stunden von 07:30 bis 14:30 Uhr?,740,true,true,true,10,25,#F5F3FB,
/stunden-zwischen-7-30-und-15-30/,de,stunden-zwischen,200,https://zeit-rechner.com/stunden-zwischen-7-30-und-15-30/,true,"index, follow, max-snippet:-1, max-image-preview:large",Wie viele Stunden von 07:30 bis 15:30 Uhr?,428,true,true,true,14,23,#F5F3FB,
/stunden-zwischen-7-30-und-16-30/,de,stunden-zwischen,200,https://zeit-rechner.com/stunden-zwischen-7-30-und-16-30/,true,"index, follow, max-snippet:-1, max-image-preview:large",Wie viele Stunden von 07:30 bis 16:30 Uhr?,749,true,true,true,10,24,#F5F3FB,
/stunden-zwischen-7-30-und-16/,de,stunden-zwischen,200,https://zeit-rechner.com/stunden-zwischen-7-30-und-16/,true,"index, follow, max-snippet:-1, max-image-preview:large",Wie viele Stunden von 07:30 bis 16:00 Uhr?,774,true,true,true,14,24,#F5F3FB,
/stunden-zwischen-7-30-und-17-30/,de,stunden-zwischen,200,https://zeit-rechner.com/stunden-zwischen-7-30-und-17-30/,true,"index, follow, max-snippet:-1, max-image-preview:large",Wie viele Stunden von 07:30 bis 17:30 Uhr?,386,true,true,true,9,25,#F5F3FB,
/stunden-zwischen-7-30-und-19-30/,de,stunden-zwischen,200,https://zeit-rechner.com/stunden-zwischen-7-30-und-19-30/,true,"index, follow, max-snippet:-1, max-image-preview:large",Wie viele Stunden von 07:30 bis 19:30 Uhr?,393,true,true,true,10,25,#F5F3FB,
/stunden-zwischen-7-30-und-8-30/,de,stunden-zwischen,200,https://zeit-rechner.com/stunden-zwischen-7-30-und-8-30/,true,"index, follow, max-snippet:-1, max-image-preview:large",Wie viele Stunden von 07:30 bis 08:30 Uhr?,372,true,true,true,12,25,#F5F3FB,
/stunden-zwischen-7-30-und-8/,de,stunden-zwischen,200,https://zeit-rechner.com/stunden-zwischen-7-30-und-8/,true,"index, follow, max-snippet:-1, max-image-preview:large",Wie viele Stunden von 07:30 bis 08:00 Uhr?,366,true,true,true,9,25,#F5F3FB,
/stunden-zwischen-7-30-und-9-30/,de,stunden-zwischen,200,https://zeit-rechner.com/stunden-zwischen-7-30-und-9-30/,true,"index, follow, max-snippet:-1, max-image-preview:large",Wie viele Stunden von 07:30 bis 09:30 Uhr?,711,true,true,true,10,25,#F5F3FB,
/stunden-zwischen-7-30-und-9/,de,stunden-zwischen,200,https://zeit-rechner.com/stunden-zwischen-7-30-und-9/,true,"index, follow, max-snippet:-1, max-image-preview:large",Wie viele Stunden von 07:30 bis 09:00 Uhr?,724,true,true,true,10,25,#F5F3FB,
/stunden-zwischen-7-und-10/,de,stunden-zwischen,200,https://zeit-rechner.com/stunden-zwischen-7-und-10/,true,"index, follow, max-snippet:-1, max-image-preview:large",Wie viele Stunden von 07:00 bis 10:00 Uhr?,729,true,true,true,12,25,#F5F3FB,
/stunden-zwischen-7-und-11/,de,stunden-zwischen,200,https://zeit-rechner.com/stunden-zwischen-7-und-11/,true,"index, follow, max-snippet:-1, max-image-preview:large",Wie viele Stunden von 07:00 bis 11:00 Uhr?,362,true,true,true,12,25,#F5F3FB,
/stunden-zwischen-7-und-12/,de,stunden-zwischen,200,https://zeit-rechner.com/stunden-zwischen-7-und-12/,true,"index, follow, max-snippet:-1, max-image-preview:large",Wie viele Stunden von 07:00 bis 12:00 Uhr?,740,true,true,true,12,25,#F5F3FB,
/stunden-zwischen-7-und-13/,de,stunden-zwischen,200,https://zeit-rechner.com/stunden-zwischen-7-und-13/,true,"index, follow, max-snippet:-1, max-image-preview:large",Wie viele Stunden von 07:00 bis 13:00 Uhr?,384,true,true,true,12,25,#F5F3FB,
/stunden-zwischen-7-und-14/,de,stunden-zwischen,200,https://zeit-rechner.com/stunden-zwischen-7-und-14/,true,"index, follow, max-snippet:-1, max-image-preview:large",Wie viele Stunden von 07:00 bis 14:00 Uhr?,757,true,true,true,11,24,#F5F3FB,
/stunden-zwischen-7-und-15-30/,de,stunden-zwischen,200,https://zeit-rechner.com/stunden-zwischen-7-und-15-30/,true,"index, follow, max-snippet:-1, max-image-preview:large",Wie viele Stunden von 07:00 bis 15:30 Uhr?,401,true,true,true,11,24,#F5F3FB,
/stunden-zwischen-7-und-15/,de,stunden-zwischen,200,https://zeit-rechner.com/stunden-zwischen-7-und-15/,true,"index, follow, max-snippet:-1, max-image-preview:large",Wie viele Stunden von 07:00 bis 15:00 Uhr?,415,true,true,true,670,24,#F5F3FB,
/stunden-zwischen-7-und-16/,de,stunden-zwischen,200,https://zeit-rechner.com/stunden-zwischen-7-und-16/,true,"index, follow, max-snippet:-1, max-image-preview:large",Wie viele Stunden von 07:00 bis 16:00 Uhr?,751,true,true,true,11,24,#F5F3FB,
/stunden-zwischen-7-und-17/,de,stunden-zwischen,200,https://zeit-rechner.com/stunden-zwischen-7-und-17/,true,"index, follow, max-snippet:-1, max-image-preview:large",Wie viele Stunden von 07:00 bis 17:00 Uhr?,404,true,true,true,10,25,#F5F3FB,
/stunden-zwischen-7-und-19/,de,stunden-zwischen,200,https://zeit-rechner.com/stunden-zwischen-7-und-19/,true,"index, follow, max-snippet:-1, max-image-preview:large",Wie viele Stunden von 07:00 bis 19:00 Uhr?,397,true,true,true,11,25,#F5F3FB,
/stunden-zwischen-7-und-7-30/,de,stunden-zwischen,200,https://zeit-rechner.com/stunden-zwischen-7-und-7-30/,true,"index, follow, max-snippet:-1, max-image-preview:large",Wie viele Stunden von 07:00 bis 07:30 Uhr?,720,true,true,true,10,25,#F5F3FB,
/stunden-zwischen-7-und-8-30/,de,stunden-zwischen,200,https://zeit-rechner.com/stunden-zwischen-7-und-8-30/,true,"index, follow, max-snippet:-1, max-image-preview:large",Wie viele Stunden von 07:00 bis 08:30 Uhr?,374,true,true,true,11,25,#F5F3FB,
/stunden-zwischen-7-und-8/,de,stunden-zwischen,200,https://zeit-rechner.com/stunden-zwischen-7-und-8/,true,"index, follow, max-snippet:-1, max-image-preview:large",Wie viele Stunden von 07:00 bis 08:00 Uhr?,366,true,true,true,13,25,#F5F3FB,
/stunden-zwischen-7-und-9-30/,de,stunden-zwischen,200,https://zeit-rechner.com/stunden-zwischen-7-und-9-30/,true,"index, follow, max-snippet:-1, max-image-preview:large",Wie viele Stunden von 07:00 bis 09:30 Uhr?,717,true,true,true,12,25,#F5F3FB,
/stunden-zwischen-7-und-9/,de,stunden-zwischen,200,https://zeit-rechner.com/stunden-zwischen-7-und-9/,true,"index, follow, max-snippet:-1, max-image-preview:large",Wie viele Stunden von 07:00 bis 09:00 Uhr?,724,true,true,true,11,25,#F5F3FB,
/stunden-zwischen-8-30-und-10-30/,de,stunden-zwischen,200,https://zeit-rechner.com/stunden-zwischen-8-30-und-10-30/,true,"index, follow, max-snippet:-1, max-image-preview:large",Wie viele Stunden von 08:30 bis 10:30 Uhr?,363,true,true,true,10,25,#F5F3FB,
/stunden-zwischen-8-30-und-10/,de,stunden-zwischen,200,https://zeit-rechner.com/stunden-zwischen-8-30-und-10/,true,"index, follow, max-snippet:-1, max-image-preview:large",Wie viele Stunden von 08:30 bis 10:00 Uhr?,360,true,true,true,10,25,#F5F3FB,
/stunden-zwischen-8-30-und-11-30/,de,stunden-zwischen,200,https://zeit-rechner.com/stunden-zwischen-8-30-und-11-30/,true,"index, follow, max-snippet:-1, max-image-preview:large",Wie viele Stunden von 08:30 bis 11:30 Uhr?,720,true,true,true,10,24,#F5F3FB,
/stunden-zwischen-8-30-und-11/,de,stunden-zwischen,200,https://zeit-rechner.com/stunden-zwischen-8-30-und-11/,true,"index, follow, max-snippet:-1, max-image-preview:large",Wie viele Stunden von 08:30 bis 11:00 Uhr?,729,true,true,true,11,25,#F5F3FB,
/stunden-zwischen-8-30-und-12-30/,de,stunden-zwischen,200,https://zeit-rechner.com/stunden-zwischen-8-30-und-12-30/,true,"index, follow, max-snippet:-1, max-image-preview:large",Wie viele Stunden von 08:30 bis 12:30 Uhr?,371,true,true,true,10,25,#F5F3FB,
/stunden-zwischen-8-30-und-13-30/,de,stunden-zwischen,200,https://zeit-rechner.com/stunden-zwischen-8-30-und-13-30/,true,"index, follow, max-snippet:-1, max-image-preview:large",Wie viele Stunden von 08:30 bis 13:30 Uhr?,733,true,true,true,10,25,#F5F3FB,
/stunden-zwischen-8-30-und-14-30/,de,stunden-zwischen,200,https://zeit-rechner.com/stunden-zwischen-8-30-und-14-30/,true,"index, follow, max-snippet:-1, max-image-preview:large",Wie viele Stunden von 08:30 bis 14:30 Uhr?,395,true,true,true,10,25,#F5F3FB,
/stunden-zwischen-8-30-und-15-30/,de,stunden-zwischen,200,https://zeit-rechner.com/stunden-zwischen-8-30-und-15-30/,true,"index, follow, max-snippet:-1, max-image-preview:large",Wie viele Stunden von 08:30 bis 15:30 Uhr?,745,true,true,true,9,25,#F5F3FB,
/stunden-zwischen-8-30-und-16-30/,de,stunden-zwischen,200,https://zeit-rechner.com/stunden-zwischen-8-30-und-16-30/,true,"index, follow, max-snippet:-1, max-image-preview:large",Wie viele Stunden von 08:30 bis 16:30 Uhr?,392,true,true,true,9,23,#F5F3FB,
/stunden-zwischen-8-30-und-17-30/,de,stunden-zwischen,200,https://zeit-rechner.com/stunden-zwischen-8-30-und-17-30/,true,"index, follow, max-snippet:-1, max-image-preview:large",Wie viele Stunden von 08:30 bis 17:30 Uhr?,795,true,true,true,13,24,#F5F3FB,
/stunden-zwischen-8-30-und-17/,de,stunden-zwischen,200,https://zeit-rechner.com/stunden-zwischen-8-30-und-17/,true,"index, follow, max-snippet:-1, max-image-preview:large",Wie viele Stunden von 08:30 bis 17:00 Uhr?,756,true,true,true,15,24,#F5F3FB,
/stunden-zwischen-8-30-und-18-30/,de,stunden-zwischen,200,https://zeit-rechner.com/stunden-zwischen-8-30-und-18-30/,true,"index, follow, max-snippet:-1, max-image-preview:large",Wie viele Stunden von 08:30 bis 18:30 Uhr?,393,true,true,true,9,25,#F5F3FB,
/stunden-zwischen-8-30-und-20-30/,de,stunden-zwischen,200,https://zeit-rechner.com/stunden-zwischen-8-30-und-20-30/,true,"index, follow, max-snippet:-1, max-image-preview:large",Wie viele Stunden von 08:30 bis 20:30 Uhr?,743,true,true,true,10,25,#F5F3FB,
/stunden-zwischen-8-30-und-9-30/,de,stunden-zwischen,200,https://zeit-rechner.com/stunden-zwischen-8-30-und-9-30/,true,"index, follow, max-snippet:-1, max-image-preview:large",Wie viele Stunden von 08:30 bis 09:30 Uhr?,378,true,true,true,12,25,#F5F3FB,
/stunden-zwischen-8-30-und-9/,de,stunden-zwischen,200,https://zeit-rechner.com/stunden-zwischen-8-30-und-9/,true,"index, follow, max-snippet:-1, max-image-preview:large",Wie viele Stunden von 08:30 bis 09:00 Uhr?,362,true,true,true,9,25,#F5F3FB,
/stunden-zwischen-8-und-10-30/,de,stunden-zwischen,200,https://zeit-rechner.com/stunden-zwischen-8-und-10-30/,true,"index, follow, max-snippet:-1, max-image-preview:large",Wie viele Stunden von 08:00 bis 10:30 Uhr?,353,true,true,true,11,25,#F5F3FB,
/stunden-zwischen-8-und-10/,de,stunden-zwischen,200,https://zeit-rechner.com/stunden-zwischen-8-und-10/,true,"index, follow, max-snippet:-1, max-image-preview:large",Wie viele Stunden von 08:00 bis 10:00 Uhr?,375,true,true,true,10,25,#F5F3FB,
/stunden-zwischen-8-und-11/,de,stunden-zwischen,200,https://zeit-rechner.com/stunden-zwischen-8-und-11/,true,"index, follow, max-snippet:-1, max-image-preview:large",Wie viele Stunden von 08:00 bis 11:00 Uhr?,718,true,true,true,9,24,#F5F3FB,
/stunden-zwischen-8-und-12/,de,stunden-zwischen,200,https://zeit-rechner.com/stunden-zwischen-8-und-12/,true,"index, follow, max-snippet:-1, max-image-preview:large",Wie viele Stunden von 08:00 bis 12:00 Uhr?,371,true,true,true,11,25,#F5F3FB,
/stunden-zwischen-8-und-13/,de,stunden-zwischen,200,https://zeit-rechner.com/stunden-zwischen-8-und-13/,true,"index, follow, max-snippet:-1, max-image-preview:large",Wie viele Stunden von 08:00 bis 13:00 Uhr?,740,true,true,true,10,25,#F5F3FB,
/stunden-zwischen-8-und-14/,de,stunden-zwischen,200,https://zeit-rechner.com/stunden-zwischen-8-und-14/,true,"index, follow, max-snippet:-1, max-image-preview:large",Wie viele Stunden von 08:00 bis 14:00 Uhr?,394,true,true,true,10,25,#F5F3FB,
/stunden-zwischen-8-und-15/,de,stunden-zwischen,200,https://zeit-rechner.com/stunden-zwischen-8-und-15/,true,"index, follow, max-snippet:-1, max-image-preview:large",Wie viele Stunden von 08:00 bis 15:00 Uhr?,745,true,true,true,10,25,#F5F3FB,
/stunden-zwischen-8-und-16-30/,de,stunden-zwischen,200,https://zeit-rechner.com/stunden-zwischen-8-und-16-30/,true,"index, follow, max-snippet:-1, max-image-preview:large",Wie viele Stunden von 08:00 bis 16:30 Uhr?,394,true,true,true,10,24,#F5F3FB,
/stunden-zwischen-8-und-16/,de,stunden-zwischen,200,https://zeit-rechner.com/stunden-zwischen-8-und-16/,true,"index, follow, max-snippet:-1, max-image-preview:large",Wie viele Stunden von 08:00 bis 16:00 Uhr?,419,true,true,true,14,23,#F5F3FB,
/stunden-zwischen-8-und-17/,de,stunden-zwischen,200,https://zeit-rechner.com/stunden-zwischen-8-und-17/,true,"index, follow, max-snippet:-1, max-image-preview:large",Wie viele Stunden von 08:00 bis 17:00 Uhr?,788,true,true,true,670,24,#F5F3FB,
/stunden-zwischen-8-und-18/,de,stunden-zwischen,200,https://zeit-rechner.com/stunden-zwischen-8-und-18/,true,"index, follow, max-snippet:-1, max-image-preview:large",Wie viele Stunden von 08:00 bis 18:00 Uhr?,393,true,true,true,9,24,#F5F3FB,
/stunden-zwischen-8-und-20/,de,stunden-zwischen,200,https://zeit-rechner.com/stunden-zwischen-8-und-20/,true,"index, follow, max-snippet:-1, max-image-preview:large",Wie viele Stunden von 08:00 bis 20:00 Uhr?,736,true,true,true,10,25,#F5F3FB,
/stunden-zwischen-8-und-8-30/,de,stunden-zwischen,200,https://zeit-rechner.com/stunden-zwischen-8-und-8-30/,true,"index, follow, max-snippet:-1, max-image-preview:large",Wie viele Stunden von 08:00 bis 08:30 Uhr?,717,true,true,true,9,25,#F5F3FB,
/stunden-zwischen-8-und-9-30/,de,stunden-zwischen,200,https://zeit-rechner.com/stunden-zwischen-8-und-9-30/,true,"index, follow, max-snippet:-1, max-image-preview:large",Wie viele Stunden von 08:00 bis 09:30 Uhr?,353,true,true,true,10,25,#F5F3FB,
/stunden-zwischen-8-und-9/,de,stunden-zwischen,200,https://zeit-rechner.com/stunden-zwischen-8-und-9/,true,"index, follow, max-snippet:-1, max-image-preview:large",Wie viele Stunden von 08:00 bis 09:00 Uhr?,369,true,true,true,12,25,#F5F3FB,
/stunden-zwischen-9-30-und-10-30/,de,stunden-zwischen,200,https://zeit-rechner.com/stunden-zwischen-9-30-und-10-30/,true,"index, follow, max-snippet:-1, max-image-preview:large",Wie viele Stunden von 09:30 bis 10:30 Uhr?,731,true,true,true,12,25,#F5F3FB,
/stunden-zwischen-9-30-und-10/,de,stunden-zwischen,200,https://zeit-rechner.com/stunden-zwischen-9-30-und-10/,true,"index, follow, max-snippet:-1, max-image-preview:large",Wie viele Stunden von 09:30 bis 10:00 Uhr?,724,true,true,true,9,25,#F5F3FB,
/stunden-zwischen-9-30-und-11-30/,de,stunden-zwischen,200,https://zeit-rechner.com/stunden-zwischen-9-30-und-11-30/,true,"index, follow, max-snippet:-1, max-image-preview:large",Wie viele Stunden von 09:30 bis 11:30 Uhr?,362,true,true,true,9,25,#F5F3FB,
/stunden-zwischen-9-30-und-11/,de,stunden-zwischen,200,https://zeit-rechner.com/stunden-zwischen-9-30-und-11/,true,"index, follow, max-snippet:-1, max-image-preview:large",Wie viele Stunden von 09:30 bis 11:00 Uhr?,372,true,true,true,10,25,#F5F3FB,
/stunden-zwischen-9-30-und-12-30/,de,stunden-zwischen,200,https://zeit-rechner.com/stunden-zwischen-9-30-und-12-30/,true,"index, follow, max-snippet:-1, max-image-preview:large",Wie viele Stunden von 09:30 bis 12:30 Uhr?,709,true,true,true,10,24,#F5F3FB,
/stunden-zwischen-9-30-und-12/,de,stunden-zwischen,200,https://zeit-rechner.com/stunden-zwischen-9-30-und-12/,true,"index, follow, max-snippet:-1, max-image-preview:large",Wie viele Stunden von 09:30 bis 12:00 Uhr?,737,true,true,true,11,25,#F5F3FB,
/stunden-zwischen-9-30-und-13-30/,de,stunden-zwischen,200,https://zeit-rechner.com/stunden-zwischen-9-30-und-13-30/,true,"index, follow, max-snippet:-1, max-image-preview:large",Wie viele Stunden von 09:30 bis 13:30 Uhr?,393,true,true,true,10,25,#F5F3FB,
/stunden-zwischen-9-30-und-14-30/,de,stunden-zwischen,200,https://zeit-rechner.com/stunden-zwischen-9-30-und-14-30/,true,"index, follow, max-snippet:-1, max-image-preview:large",Wie viele Stunden von 09:30 bis 14:30 Uhr?,742,true,true,true,10,25,#F5F3FB,
/stunden-zwischen-9-30-und-15-30/,de,stunden-zwischen,200,https://zeit-rechner.com/stunden-zwischen-9-30-und-15-30/,true,"index, follow, max-snippet:-1, max-image-preview:large",Wie viele Stunden von 09:30 bis 15:30 Uhr?,373,true,true,true,9,25,#F5F3FB,
/stunden-zwischen-9-30-und-16-30/,de,stunden-zwischen,200,https://zeit-rechner.com/stunden-zwischen-9-30-und-16-30/,true,"index, follow, max-snippet:-1, max-image-preview:large",Wie viele Stunden von 09:30 bis 16:30 Uhr?,747,true,true,true,8,25,#F5F3FB,
/stunden-zwischen-9-30-und-17-30/,de,stunden-zwischen,200,https://zeit-rechner.com/stunden-zwischen-9-30-und-17-30/,true,"index, follow, max-snippet:-1, max-image-preview:large",Wie viele Stunden von 09:30 bis 17:30 Uhr?,388,true,true,true,9,23,#F5F3FB,
/stunden-zwischen-9-30-und-18-30/,de,stunden-zwischen,200,https://zeit-rechner.com/stunden-zwischen-9-30-und-18-30/,true,"index, follow, max-snippet:-1, max-image-preview:large",Wie viele Stunden von 09:30 bis 18:30 Uhr?,789,true,true,true,13,24,#F5F3FB,
/stunden-zwischen-9-30-und-18/,de,stunden-zwischen,200,https://zeit-rechner.com/stunden-zwischen-9-30-und-18/,true,"index, follow, max-snippet:-1, max-image-preview:large",Wie viele Stunden von 09:30 bis 18:00 Uhr?,748,true,true,true,13,24,#F5F3FB,
/stunden-zwischen-9-30-und-19-30/,de,stunden-zwischen,200,https://zeit-rechner.com/stunden-zwischen-9-30-und-19-30/,true,"index, follow, max-snippet:-1, max-image-preview:large",Wie viele Stunden von 09:30 bis 19:30 Uhr?,397,true,true,true,9,25,#F5F3FB,
/stunden-zwischen-9-30-und-21-30/,de,stunden-zwischen,200,https://zeit-rechner.com/stunden-zwischen-9-30-und-21-30/,true,"index, follow, max-snippet:-1, max-image-preview:large",Wie viele Stunden von 09:30 bis 21:30 Uhr?,748,true,true,true,10,25,#F5F3FB,
/stunden-zwischen-9-und-10-30/,de,stunden-zwischen,200,https://zeit-rechner.com/stunden-zwischen-9-und-10-30/,true,"index, follow, max-snippet:-1, max-image-preview:large",Wie viele Stunden von 09:00 bis 10:30 Uhr?,726,true,true,true,10,25,#F5F3FB,
/stunden-zwischen-9-und-10/,de,stunden-zwischen,200,https://zeit-rechner.com/stunden-zwischen-9-und-10/,true,"index, follow, max-snippet:-1, max-image-preview:large",Wie viele Stunden von 09:00 bis 10:00 Uhr?,709,true,true,true,12,25,#F5F3FB,
/stunden-zwischen-9-und-11-30/,de,stunden-zwischen,200,https://zeit-rechner.com/stunden-zwischen-9-und-11-30/,true,"index, follow, max-snippet:-1, max-image-preview:large",Wie viele Stunden von 09:00 bis 11:30 Uhr?,357,true,true,true,11,24,#F5F3FB,
/stunden-zwischen-9-und-11/,de,stunden-zwischen,200,https://zeit-rechner.com/stunden-zwischen-9-und-11/,true,"index, follow, max-snippet:-1, max-image-preview:large",Wie viele Stunden von 09:00 bis 11:00 Uhr?,374,true,true,true,10,25,#F5F3FB,
/stunden-zwischen-9-und-12/,de,stunden-zwischen,200,https://zeit-rechner.com/stunden-zwischen-9-und-12/,true,"index, follow, max-snippet:-1, max-image-preview:large",Wie viele Stunden von 09:00 bis 12:00 Uhr?,731,true,true,true,670,24,#F5F3FB,
/stunden-zwischen-9-und-13/,de,stunden-zwischen,200,https://zeit-rechner.com/stunden-zwischen-9-und-13/,true,"index, follow, max-snippet:-1, max-image-preview:large",Wie viele Stunden von 09:00 bis 13:00 Uhr?,362,true,true,true,10,24,#F5F3FB,
/stunden-zwischen-9-und-14/,de,stunden-zwischen,200,https://zeit-rechner.com/stunden-zwischen-9-und-14/,true,"index, follow, max-snippet:-1, max-image-preview:large",Wie viele Stunden von 09:00 bis 14:00 Uhr?,738,true,true,true,10,25,#F5F3FB,
/stunden-zwischen-9-und-15/,de,stunden-zwischen,200,https://zeit-rechner.com/stunden-zwischen-9-und-15/,true,"index, follow, max-snippet:-1, max-image-preview:large",Wie viele Stunden von 09:00 bis 15:00 Uhr?,384,true,true,true,9,25,#F5F3FB,
/stunden-zwischen-9-und-16/,de,stunden-zwischen,200,https://zeit-rechner.com/stunden-zwischen-9-und-16/,true,"index, follow, max-snippet:-1, max-image-preview:large",Wie viele Stunden von 09:00 bis 16:00 Uhr?,750,true,true,true,9,24,#F5F3FB,
/stunden-zwischen-9-und-17-30/,de,stunden-zwischen,200,https://zeit-rechner.com/stunden-zwischen-9-und-17-30/,true,"index, follow, max-snippet:-1, max-image-preview:large",Wie viele Stunden von 09:00 bis 17:30 Uhr?,405,true,true,true,13,24,#F5F3FB,
/stunden-zwischen-9-und-17/,de,stunden-zwischen,200,https://zeit-rechner.com/stunden-zwischen-9-und-17/,true,"index, follow, max-snippet:-1, max-image-preview:large",Wie viele Stunden von 09:00 bis 17:00 Uhr?,408,true,true,true,671,23,#F5F3FB,
/stunden-zwischen-9-und-18/,de,stunden-zwischen,200,https://zeit-rechner.com/stunden-zwischen-9-und-18/,true,"index, follow, max-snippet:-1, max-image-preview:large",Wie viele Stunden von 09:00 bis 18:00 Uhr?,770,true,true,true,13,24,#F5F3FB,
/stunden-zwischen-9-und-19/,de,stunden-zwischen,200,https://zeit-rechner.com/stunden-zwischen-9-und-19/,true,"index, follow, max-snippet:-1, max-image-preview:large",Wie viele Stunden von 09:00 bis 19:00 Uhr?,409,true,true,true,9,25,#F5F3FB,
/stunden-zwischen-9-und-21/,de,stunden-zwischen,200,https://zeit-rechner.com/stunden-zwischen-9-und-21/,true,"index, follow, max-snippet:-1, max-image-preview:large",Wie viele Stunden von 09:00 bis 21:00 Uhr?,745,true,true,true,10,25,#F5F3FB,
/stunden-zwischen-9-und-9-30/,de,stunden-zwischen,200,https://zeit-rechner.com/stunden-zwischen-9-und-9-30/,true,"index, follow, max-snippet:-1, max-image-preview:large",Wie viele Stunden von 09:00 bis 09:30 Uhr?,719,true,true,true,9,25,#F5F3FB,
/tage-bis-allerheiligen/,de,tage-bis,200,https://zeit-rechner.com/tage-bis-allerheiligen/,true,"index, follow, max-snippet:-1, max-image-preview:large",Wie viele Tage bis Allerheiligen?,247,true,true,false,2,22,#F5F3FB,
/tage-bis-black-friday-2026/,de,tage-bis,200,https://zeit-rechner.com/tage-bis-black-friday-2026/,true,"index, follow, max-snippet:-1, max-image-preview:large",Wie viele Tage bis Black Friday 2026?,274,true,true,false,6,21,#F5F3FB,
/tage-bis-chanukka-2026/,de,tage-bis,200,https://zeit-rechner.com/tage-bis-chanukka-2026/,true,"index, follow, max-snippet:-1, max-image-preview:large",Wie viele Tage bis Chanukka 2026?,221,true,true,false,2,22,#F5F3FB,
/tage-bis-chinesisches-neujahr-2027/,de,tage-bis,200,https://zeit-rechner.com/tage-bis-chinesisches-neujahr-2027/,true,"index, follow, max-snippet:-1, max-image-preview:large",Wie viele Tage bis Chinesisches Neujahr 2027?,237,true,true,false,2,22,#F5F3FB,
/tage-bis-christi-himmelfahrt-2026/,de,tage-bis,200,https://zeit-rechner.com/tage-bis-christi-himmelfahrt-2026/,true,"index, follow, max-snippet:-1, max-image-preview:large",Wie viele Tage bis Christi Himmelfahrt 2027?,237,true,true,false,2,22,#F5F3FB,
/tage-bis-columbus-tag/,de,tage-bis,200,https://zeit-rechner.com/tage-bis-columbus-tag/,true,"index, follow, max-snippet:-1, max-image-preview:large",Wie viele Tage bis Columbus Day?,221,true,true,false,3,22,#F5F3FB,
/tage-bis-diwali-2026/,de,tage-bis,200,https://zeit-rechner.com/tage-bis-diwali-2026/,true,"index, follow, max-snippet:-1, max-image-preview:large",Wie viele Tage bis Diwali 2026?,218,true,true,false,2,22,#F5F3FB,
/tage-bis-eid-al-fitr-2026/,de,tage-bis,200,https://zeit-rechner.com/tage-bis-eid-al-fitr-2026/,true,"index, follow, max-snippet:-1, max-image-preview:large",Wie viele Tage bis Eid al-Fitr 2027?,242,true,true,false,2,22,#F5F3FB,
/tage-bis-erster-mai/,de,tage-bis,200,https://zeit-rechner.com/tage-bis-erster-mai/,true,"index, follow, max-snippet:-1, max-image-preview:large",Wie viele Tage bis Erster Mai 2027?,242,true,true,false,3,22,#F5F3FB,
/tage-bis-frauentag/,de,tage-bis,200,https://zeit-rechner.com/tage-bis-frauentag/,true,"index, follow, max-snippet:-1, max-image-preview:large",Wie viele Tage bis Frauentag?,191,true,true,false,3,22,#F5F3FB,
/tage-bis-fronleichnam-2026/,de,tage-bis,200,https://zeit-rechner.com/tage-bis-fronleichnam-2026/,true,"index, follow, max-snippet:-1, max-image-preview:large",Wie viele Tage bis Fronleichnam 2027?,221,true,true,false,2,22,#F5F3FB,
/tage-bis-fruehlingsanfang/,de,tage-bis,200,https://zeit-rechner.com/tage-bis-fruehlingsanfang/,true,"index, follow, max-snippet:-1, max-image-preview:large",Wie viele Tage bis Frühlingsanfang?,229,true,true,false,5,20,#F5F3FB,
/tage-bis-halloween/,de,tage-bis,200,https://zeit-rechner.com/tage-bis-halloween/,true,"index, follow, max-snippet:-1, max-image-preview:large",Wie viele Tage bis Halloween?,232,true,true,false,4,22,#F5F3FB,
/tage-bis-heilige-drei-koenige/,de,tage-bis,200,https://zeit-rechner.com/tage-bis-heilige-drei-koenige/,true,"index, follow, max-snippet:-1, max-image-preview:large",Wie viele Tage bis Heilige Drei Könige?,242,true,true,false,3,22,#F5F3FB,
/tage-bis-herbfang/,de,tage-bis,200,https://zeit-rechner.com/tage-bis-herbfang/,true,"index, follow, max-snippet:-1, max-image-preview:large",Wie viele Tage bis Herbstanfang?,242,true,true,false,5,20,#F5F3FB,
/tage-bis-jahr-2026/,de,tage-bis,200,https://zeit-rechner.com/tage-bis-jahr-2026/,true,"index, follow, max-snippet:-1, max-image-preview:large",Wie viele Tage bis Jahr 2027?,265,true,true,false,11,19,#F5F3FB,
/tage-bis-jahr-2027/,de,tage-bis,200,https://zeit-rechner.com/tage-bis-jahr-2027/,true,"index, follow, max-snippet:-1, max-image-preview:large",Wie viele Tage bis Jahr 2027?,266,true,true,false,11,19,#F5F3FB,
/tage-bis-jahr-2028/,de,tage-bis,200,https://zeit-rechner.com/tage-bis-jahr-2028/,true,"index, follow, max-snippet:-1, max-image-preview:large",Wie viele Tage bis Jahr 2028?,268,true,true,false,11,19,#F5F3FB,
/tage-bis-jahr-2029/,de,tage-bis,200,https://zeit-rechner.com/tage-bis-jahr-2029/,true,"index, follow, max-snippet:-1, max-image-preview:large",Wie viele Tage bis Jahr 2029?,285,true,true,false,2,20,#F5F3FB,
/tage-bis-jahr-2030/,de,tage-bis,200,https://zeit-rechner.com/tage-bis-jahr-2030/,true,"index, follow, max-snippet:-1, max-image-preview:large",Wie viele Tage bis Jahr 2030?,280,true,true,false,2,20,#F5F3FB,
/tage-bis-jahr-2031/,de,tage-bis,200,https://zeit-rechner.com/tage-bis-jahr-2031/,true,"index, follow, max-snippet:-1, max-image-preview:large",Wie viele Tage bis Jahr 2031?,275,true,true,false,2,20,#F5F3FB,
/tage-bis-jahr-2032/,de,tage-bis,200,https://zeit-rechner.com/tage-bis-jahr-2032/,true,"index, follow, max-snippet:-1, max-image-preview:large",Wie viele Tage bis Jahr 2032?,293,true,true,false,2,20,#F5F3FB,
/tage-bis-jahr-2033/,de,tage-bis,200,https://zeit-rechner.com/tage-bis-jahr-2033/,true,"index, follow, max-snippet:-1, max-image-preview:large",Wie viele Tage bis Jahr 2033?,279,true,true,false,2,20,#F5F3FB,
/tage-bis-jahr-2034/,de,tage-bis,200,https://zeit-rechner.com/tage-bis-jahr-2034/,true,"index, follow, max-snippet:-1, max-image-preview:large",Wie viele Tage bis Jahr 2034?,280,true,true,false,2,20,#F5F3FB,
/tage-bis-jahr-2035/,de,tage-bis,200,https://zeit-rechner.com/tage-bis-jahr-2035/,true,"index, follow, max-snippet:-1, max-image-preview:large",Wie viele Tage bis Jahr 2035?,275,true,true,false,2,20,#F5F3FB,
/tage-bis-juneteenth-2026/,de,tage-bis,200,https://zeit-rechner.com/tage-bis-juneteenth-2026/,true,"index, follow, max-snippet:-1, max-image-preview:large",Wie viele Tage bis Juneteenth 2027?,226,true,true,false,3,22,#F5F3FB,
/tage-bis-karfreitag-2026/,de,tage-bis,200,https://zeit-rechner.com/tage-bis-karfreitag-2026/,true,"index, follow, max-snippet:-1, max-image-preview:large",Wie viele Tage bis Karfreitag 2027?,221,true,true,false,2,22,#F5F3FB,
/tage-bis-mariae-himmelfahrt/,de,tage-bis,200,https://zeit-rechner.com/tage-bis-mariae-himmelfahrt/,true,"index, follow, max-snippet:-1, max-image-preview:large",Wie viele Tage bis Mariä Himmelfahrt 2027?,242,true,true,false,2,22,#F5F3FB,
/tage-bis-memorial-day-2026/,de,tage-bis,200,https://zeit-rechner.com/tage-bis-memorial-day-2026/,true,"index, follow, max-snippet:-1, max-image-preview:large",Wie viele Tage bis Memorial Day 2027?,232,true,true,false,3,22,#F5F3FB,
/tage-bis-mlk-tag/,de,tage-bis,200,https://zeit-rechner.com/tage-bis-mlk-tag/,true,"index, follow, max-snippet:-1, max-image-preview:large",Wie viele Tage bis MLK Day?,204,true,true,false,3,22,#F5F3FB,
/tage-bis-neujahr-2027/,de,tage-bis,200,https://zeit-rechner.com/tage-bis-neujahr-2027/,true,"index, follow, max-snippet:-1, max-image-preview:large",Wie viele Tage bis Neujahr 2027?,302,true,true,false,40,22,#F5F3FB,
/tage-bis-neujahr/,de,tage-bis,200,https://zeit-rechner.com/tage-bis-neujahr/,true,"index, follow, max-snippet:-1, max-image-preview:large",Wie viele Tage bis Neujahr?,268,true,true,false,40,22,#F5F3FB,
/tage-bis-ostermontag-2026/,de,tage-bis,200,https://zeit-rechner.com/tage-bis-ostermontag-2026/,true,"index, follow, max-snippet:-1, max-image-preview:large",Wie viele Tage bis Ostermontag 2027?,216,true,true,false,2,22,#F5F3FB,
/tage-bis-ostersonntag-2026/,de,tage-bis,200,https://zeit-rechner.com/tage-bis-ostersonntag-2026/,true,"index, follow, max-snippet:-1, max-image-preview:large",Wie viele Tage bis Ostersonntag 2027?,269,true,true,false,10,22,#F5F3FB,
/tage-bis-ostersonntag-2027/,de,tage-bis,200,https://zeit-rechner.com/tage-bis-ostersonntag-2027/,true,"index, follow, max-snippet:-1, max-image-preview:large",Wie viele Tage bis Ostersonntag 2027?,275,true,true,false,3,22,#F5F3FB,
/tage-bis-ostersonntag/,de,tage-bis,200,https://zeit-rechner.com/tage-bis-ostersonntag/,true,"index, follow, max-snippet:-1, max-image-preview:large",Wie viele Tage bis Ostersonntag?,259,true,true,false,4,22,#F5F3FB,
/tage-bis-pfingstmontag-2026/,de,tage-bis,200,https://zeit-rechner.com/tage-bis-pfingstmontag-2026/,true,"index, follow, max-snippet:-1, max-image-preview:large",Wie viele Tage bis Pfingstmontag 2027?,216,true,true,false,2,22,#F5F3FB,
/tage-bis-presidents-day/,de,tage-bis,200,https://zeit-rechner.com/tage-bis-presidents-day/,true,"index, follow, max-snippet:-1, max-image-preview:large",Wie viele Tage bis Presidents Day?,220,true,true,false,3,22,#F5F3FB,
/tage-bis-ramadan-2026/,de,tage-bis,200,https://zeit-rechner.com/tage-bis-ramadan-2026/,true,"index, follow, max-snippet:-1, max-image-preview:large",Wie viele Tage bis Ramadan 2027?,283,true,true,false,2,22,#F5F3FB,
/tage-bis-sommersonnenwende/,de,tage-bis,200,https://zeit-rechner.com/tage-bis-sommersonnenwende/,true,"index, follow, max-snippet:-1, max-image-preview:large",Wie viele Tage bis Sommersonnenwende 2027?,251,true,true,false,5,20,#F5F3FB,
/tage-bis-sonnenfinsternis-2026/,de,tage-bis,200,https://zeit-rechner.com/tage-bis-sonnenfinsternis-2026/,true,"index, follow, max-snippet:-1, max-image-preview:large",Wie viele Tage bis Sonnenfinsternis 2027?,310,true,true,false,6,21,#F5F3FB,
/tage-bis-st-patricks-day/,de,tage-bis,200,https://zeit-rechner.com/tage-bis-st-patricks-day/,true,"index, follow, max-snippet:-1, max-image-preview:large",Wie viele Tage bis St. Patrick&#39;s Day?,158,true,true,false,3,22,#F5F3FB,
/tage-bis-super-bowl-2027/,de,tage-bis,200,https://zeit-rechner.com/tage-bis-super-bowl-2027/,true,"index, follow, max-snippet:-1, max-image-preview:large",Wie viele Tage bis Super Bowl 2027?,270,true,true,false,6,21,#F5F3FB,
/tage-bis-tag-der-arbeit-usa-2026/,de,tage-bis,200,https://zeit-rechner.com/tage-bis-tag-der-arbeit-usa-2026/,true,"index, follow, max-snippet:-1, max-image-preview:large",Wie viele Tage bis Tag der Arbeit (USA)?,270,true,true,false,3,22,#F5F3FB,
/tage-bis-tag-der-deutschen-einheit/,de,tage-bis,200,https://zeit-rechner.com/tage-bis-tag-der-deutschen-einheit/,true,"index, follow, max-snippet:-1, max-image-preview:large",Wie viele Tage bis Tag der Deutschen Einheit?,303,true,true,false,3,22,#F5F3FB,
/tage-bis-tag-der-erde/,de,tage-bis,200,https://zeit-rechner.com/tage-bis-tag-der-erde/,true,"index, follow, max-snippet:-1, max-image-preview:large",Wie viele Tage bis Tag der Erde?,242,true,true,false,2,22,#F5F3FB,
/tage-bis-thanksgiving-2026/,de,tage-bis,200,https://zeit-rechner.com/tage-bis-thanksgiving-2026/,true,"index, follow, max-snippet:-1, max-image-preview:large",Wie viele Tage bis Thanksgiving 2026?,254,true,true,false,3,22,#F5F3FB,
/tage-bis-unabhaengigkeitstag-usa/,de,tage-bis,200,https://zeit-rechner.com/tage-bis-unabhaengigkeitstag-usa/,true,"index, follow, max-snippet:-1, max-image-preview:large",Wie viele Tage bis Unabhängigkeitstag (USA) 2027?,237,true,true,false,3,22,#F5F3FB,
/tage-bis-valentinstag/,de,tage-bis,200,https://zeit-rechner.com/tage-bis-valentinstag/,true,"index, follow, max-snippet:-1, max-image-preview:large",Wie viele Tage bis Valentinstag?,271,true,true,false,39,22,#F5F3FB,
/tage-bis-veterans-tag/,de,tage-bis,200,https://zeit-rechner.com/tage-bis-veterans-tag/,true,"index, follow, max-snippet:-1, max-image-preview:large",Wie viele Tage bis Veterans Day?,221,true,true,false,3,22,#F5F3FB,
/tage-bis-weihnachten-2026/,de,tage-bis,200,https://zeit-rechner.com/tage-bis-weihnachten-2026/,true,"index, follow, max-snippet:-1, max-image-preview:large",Wie viele Tage bis Weihnachten 2026?,329,true,true,false,39,22,#F5F3FB,
/tage-bis-weihnachten/,de,tage-bis,200,https://zeit-rechner.com/tage-bis-weihnachten/,true,"index, follow, max-snippet:-1, max-image-preview:large",Wie viele Tage bis Weihnachten?,304,true,true,false,671,22,#F5F3FB,
/tage-bis-wintersonnenwende/,de,tage-bis,200,https://zeit-rechner.com/tage-bis-wintersonnenwende/,true,"index, follow, max-snippet:-1, max-image-preview:large",Wie viele Tage bis Wintersonnenwende?,230,true,true,false,5,20,#F5F3FB,
/tage-bis-wm-2026-finale/,de,tage-bis,200,https://zeit-rechner.com/tage-bis-wm-2026-finale/,true,"index, follow, max-snippet:-1, max-image-preview:large",Wie viele Tage bis WM 2027 Finale?,280,true,true,false,6,21,#F5F3FB,
/tage-bis-wm-2026-start/,de,tage-bis,200,https://zeit-rechner.com/tage-bis-wm-2026-start/,true,"index, follow, max-snippet:-1, max-image-preview:large",Wie viele Tage bis WM 2027 Eröffnung?,274,true,true,false,6,21,#F5F3FB,
/tage-bis-zweiter-weihnachtstag/,de,tage-bis,200,https://zeit-rechner.com/tage-bis-zweiter-weihnachtstag/,true,"index, follow, max-snippet:-1, max-image-preview:large",Wie viele Tage bis 2. Weihnachtstag?,208,true,true,false,39,22,#F5F3FB,
/tarifmodelle/,de,tool,200,https://zeit-rechner.com/tarifmodelle/,true,"index, follow, max-snippet:-1, max-image-preview:large",Tarif-Wochenmodelle im Vergleich,433,false,true,false,1,18,#F5F3FB,
/ueber-uns/,de,static,200,https://zeit-rechner.com/ueber-uns/,true,"index, follow, max-snippet:-1, max-image-preview:large",Über uns & Unsere Mission,332,false,true,false,669,15,#F5F3FB,
/wochenarbeitszeit/,de,tool,200,https://zeit-rechner.com/wochenarbeitszeit/,true,"index, follow, max-snippet:-1, max-image-preview:large",Wochenarbeitszeit berechnen: Rechner & gesetzliche Regeln 2026,853,true,true,false,3,15,#F5F3FB,August 2026